epoch,time,train/box_loss,train/cls_loss,train/dfl_loss,metrics/precision(B),metrics/recall(B),metrics/mAP50(B),metrics/mAP50-95(B),val/box_loss,val/cls_loss,val/dfl_loss,lr/pg0,lr/pg1,lr/pg2
1,32.804,4.64569,19.6303,4.24316,0,0,0,0,5.5726,16.433,4.1572,0.0032963,0.0032963,0.0032963
2,62.2893,4.46771,14.5404,4.22536,8e-05,0.01759,5e-05,1e-05,5.49931,301.989,4.54749,0.00662307,0.00662307,0.00662307
3,91.0398,4.65223,13.2771,4.21188,6e-05,0.01389,4e-05,1e-05,5.51343,inf,4.68728,0.00994324,0.00994324,0.00994324
4,119.307,4.55902,11.6724,4.19647,1e-05,0.01481,1e-05,0,nan,nan,nan,0.0099703,0.0099703,0.0099703
5,146.761,4.5226,9.30585,4.1502,2e-05,0.01852,2e-05,1e-05,5.49966,4.23422,4.05118,0.0099604,0.0099604,0.0099604
6,174.641,4.45254,5.97085,3.98446,2e-05,0.01852,2e-05,1e-05,5.10878,4.75431,3.54165,0.0099505,0.0099505,0.0099505
7,201.978,4.30646,5.33474,3.69502,2e-05,0.01852,2e-05,1e-05,4.63554,4.92209,3.32541,0.0099406,0.0099406,0.0099406
8,229.794,4.00673,5.09992,3.41283,0.3891,0.04237,0.03749,0.00847,4.31332,4.55434,2.91038,0.0099307,0.0099307,0.0099307
9,257.786,3.87344,4.94878,3.27602,0.67096,0.02542,0.00166,0.00023,4.19436,5.59653,2.73009,0.0099208,0.0099208,0.0099208
10,285.275,3.90198,4.9302,3.18471,0.86147,0.0565,0.02146,0.00443,4.15152,4.51497,2.73388,0.0099109,0.0099109,0.0099109
11,312.679,3.80388,4.84688,3.17993,0.85908,0.04852,0.02528,0.00592,4.02825,4.09826,2.90085,0.009901,0.009901,0.009901
12,340.167,3.76168,4.78903,3.04576,0.87919,0.03672,0.02539,0.00542,4.04987,4.33482,3.58097,0.0098911,0.0098911,0.0098911
13,368.148,3.7195,4.79147,2.98782,0.72304,0.0226,0.02825,0.00784,3.82588,3.98288,2.52352,0.0098812,0.0098812,0.0098812
14,395.908,3.6405,4.69235,2.97361,0.85286,0.0904,0.01972,0.00498,3.63369,4.73262,2.50859,0.0098713,0.0098713,0.0098713
15,423.72,3.49236,4.6226,2.8994,0.89627,0.08475,0.06292,0.01593,3.58285,3.71942,2.45911,0.0098614,0.0098614,0.0098614
16,451.196,3.45874,4.542,2.89369,0.90595,0.09605,0.0732,0.02429,3.52378,3.72151,2.46079,0.0098515,0.0098515,0.0098515
17,478.711,3.39795,4.60388,2.85945,0.76266,0.07838,0.04406,0.0125,3.67097,3.76294,2.44707,0.0098416,0.0098416,0.0098416
18,506.361,3.34762,4.49883,2.81388,0.91294,0.0904,0.0851,0.02038,3.46697,3.63018,2.4285,0.0098317,0.0098317,0.0098317
19,534.397,3.28195,4.34796,2.79449,0.74968,0.12994,0.10891,0.02796,3.37534,3.61508,2.4091,0.0098218,0.0098218,0.0098218
20,561.917,3.24901,4.36504,2.83576,0.91928,0.10452,0.10479,0.03024,3.36822,3.68546,2.38494,0.0098119,0.0098119,0.0098119
21,590.502,3.18182,4.28444,2.73315,0.91758,0.08757,0.0992,0.03119,3.36796,3.52466,2.38488,0.009802,0.009802,0.009802
22,617.894,3.14112,4.17919,2.69887,0.81043,0.12458,0.12176,0.04367,3.25022,3.56151,2.32435,0.0097921,0.0097921,0.0097921
23,645.262,3.11042,4.12278,2.65881,0.85213,0.0974,0.11353,0.03836,3.27422,3.38056,2.32337,0.0097822,0.0097822,0.0097822
24,672.586,3.11638,4.05682,2.66248,0.68901,0.13895,0.12734,0.04213,3.22924,3.3711,2.30057,0.0097723,0.0097723,0.0097723
25,699.877,3.06198,4.08193,2.65706,0.78429,0.12279,0.11736,0.04338,3.15405,3.31152,2.25088,0.0097624,0.0097624,0.0097624
26,727.126,3.06309,3.9701,2.65399,0.70769,0.15751,0.12952,0.04718,3.13933,3.271,2.24258,0.0097525,0.0097525,0.0097525
27,754.748,2.96375,3.90137,2.59797,0.46621,0.18337,0.12887,0.04195,3.09887,3.2168,2.25707,0.0097426,0.0097426,0.0097426
28,781.992,2.95249,3.89802,2.59804,0.62545,0.16302,0.12368,0.04918,3.07743,3.24786,2.2369,0.0097327,0.0097327,0.0097327
29,809.543,3.00598,3.95286,2.63717,0.67807,0.16375,0.15136,0.05539,3.08136,3.33079,2.19729,0.0097228,0.0097228,0.0097228
30,836.883,2.92879,3.79197,2.57825,0.61323,0.1327,0.11526,0.04259,3.02075,3.25308,2.18284,0.0097129,0.0097129,0.0097129
31,864.259,2.9623,3.75431,2.55683,0.66011,0.16725,0.14362,0.05708,3.04173,3.217,2.1933,0.009703,0.009703,0.009703
32,891.666,2.91984,3.70471,2.53133,0.4971,0.1919,0.14898,0.05068,3.11763,3.44603,2.19249,0.0096931,0.0096931,0.0096931
33,918.914,2.8913,3.7161,2.52295,0.68504,0.15685,0.15139,0.05414,2.96312,3.21261,2.12942,0.0096832,0.0096832,0.0096832
34,946.378,2.91746,3.71701,2.52393,0.82757,0.14888,0.14535,0.0584,2.97013,3.09661,2.16284,0.0096733,0.0096733,0.0096733
35,973.811,2.88944,3.76222,2.51948,0.64035,0.18814,0.16893,0.05854,3.04894,3.06836,2.1796,0.0096634,0.0096634,0.0096634
36,1001.4,2.88831,3.73931,2.52919,0.52903,0.15268,0.16196,0.06001,2.99201,3.03065,2.10772,0.0096535,0.0096535,0.0096535
37,1028.79,2.84347,3.62174,2.52289,0.68218,0.15619,0.168,0.05596,3.06002,3.34297,2.16974,0.0096436,0.0096436,0.0096436
38,1056.16,2.83155,3.55719,2.44835,0.52436,0.15634,0.17539,0.06198,3.01931,3.05715,2.16079,0.0096337,0.0096337,0.0096337
39,1083.49,2.87324,3.6891,2.52019,0.80437,0.16095,0.14786,0.05508,3.0505,3.09969,2.15274,0.0096238,0.0096238,0.0096238
40,1110.75,2.85251,3.59467,2.46473,0.66599,0.15948,0.16258,0.05878,2.94438,3.01216,2.07938,0.0096139,0.0096139,0.0096139
41,1138.21,2.85364,3.61135,2.49728,0.66389,0.17845,0.17821,0.06249,2.97276,3.08079,2.09172,0.009604,0.009604,0.009604
42,1165.91,2.83234,3.58327,2.44337,0.47785,0.19153,0.17286,0.06558,3.01533,3.1836,2.11833,0.0095941,0.0095941,0.0095941
43,1193.99,2.81735,3.58829,2.46587,0.50535,0.17892,0.17455,0.06523,2.97341,2.95835,2.11126,0.0095842,0.0095842,0.0095842
44,1221.32,2.81578,3.54236,2.45718,0.52237,0.1752,0.16603,0.0659,2.95991,3.06227,2.12272,0.0095743,0.0095743,0.0095743
45,1248.65,2.79672,3.56242,2.44933,0.49337,0.19832,0.18573,0.06553,2.92985,3.05316,2.06423,0.0095644,0.0095644,0.0095644
46,1276.03,2.78452,3.44442,2.45196,0.84191,0.16652,0.17075,0.06406,2.93827,3.0078,2.13763,0.0095545,0.0095545,0.0095545
47,1303.4,2.79716,3.49087,2.42899,0.5095,0.18485,0.16836,0.06583,2.85949,3.01161,2.078,0.0095446,0.0095446,0.0095446
48,1330.89,2.78919,3.52193,2.45698,0.49004,0.19309,0.16023,0.05873,2.95831,3.08331,2.14186,0.0095347,0.0095347,0.0095347
49,1358.49,2.77696,3.48953,2.42279,0.69482,0.17854,0.19342,0.07438,2.94729,3.08669,2.08925,0.0095248,0.0095248,0.0095248
50,1386.25,2.78185,3.47912,2.40173,0.50876,0.14607,0.15998,0.06238,2.88131,3.15026,2.08237,0.0095149,0.0095149,0.0095149
51,1413.62,2.72625,3.3285,2.39923,0.51295,0.18474,0.17177,0.06993,2.92442,2.94426,2.11124,0.009505,0.009505,0.009505
52,1441.07,2.75946,3.40009,2.38504,0.45596,0.2133,0.17735,0.06559,2.94398,2.97693,2.08814,0.0094951,0.0094951,0.0094951
53,1468.43,2.73496,3.34002,2.38404,0.48352,0.19938,0.18311,0.07366,2.92122,3.01356,2.07843,0.0094852,0.0094852,0.0094852
54,1495.66,2.70855,3.32172,2.37699,0.655,0.19402,0.19849,0.06819,2.89698,2.98008,2.07382,0.0094753,0.0094753,0.0094753
55,1523.26,2.7175,3.27686,2.35626,0.47682,0.21028,0.17073,0.06737,2.8836,2.91409,2.09548,0.0094654,0.0094654,0.0094654
56,1550.55,2.74865,3.38779,2.4265,0.70252,0.15737,0.17823,0.0704,2.8962,2.96832,2.07532,0.0094555,0.0094555,0.0094555
57,1578.32,2.7425,3.42392,2.3905,0.52318,0.19468,0.17789,0.07403,2.88529,3.17444,2.07959,0.0094456,0.0094456,0.0094456
58,1605.77,2.73219,3.34478,2.36836,0.40924,0.20708,0.2096,0.08096,2.91616,2.94822,2.08746,0.0094357,0.0094357,0.0094357
59,1633.11,2.69714,3.28464,2.38361,0.55061,0.18283,0.19149,0.07344,2.86708,3.01797,2.09266,0.0094258,0.0094258,0.0094258
60,1660.59,2.68457,3.23331,2.30699,0.38424,0.23525,0.20292,0.07573,2.86498,2.87419,2.06957,0.0094159,0.0094159,0.0094159
61,1688.03,2.69625,3.27692,2.36612,0.30682,0.32087,0.19412,0.07369,2.88114,2.91937,2.04462,0.009406,0.009406,0.009406
62,1715.57,2.67374,3.22331,2.32608,0.36216,0.28233,0.20734,0.07663,2.88009,2.89715,2.05916,0.0093961,0.0093961,0.0093961
63,1743.08,2.61566,3.19625,2.32822,0.32964,0.25746,0.2066,0.07427,2.89556,2.85612,2.08954,0.0093862,0.0093862,0.0093862
64,1770.72,2.6454,3.24039,2.3378,0.32414,0.19453,0.19128,0.06343,2.91434,2.92728,2.08962,0.0093763,0.0093763,0.0093763
65,1798.07,2.6763,3.22091,2.31021,0.30033,0.25805,0.20608,0.06856,2.87277,2.90914,2.06255,0.0093664,0.0093664,0.0093664
66,1825.47,2.65756,3.13194,2.31699,0.48978,0.21423,0.20039,0.07753,2.82748,2.90949,2.04509,0.0093565,0.0093565,0.0093565
67,1852.73,2.63227,3.1409,2.31165,0.53629,0.23325,0.22725,0.07676,2.92816,3.02914,2.04777,0.0093466,0.0093466,0.0093466
68,1879.95,2.61748,3.0962,2.26997,0.36925,0.30215,0.21137,0.07776,2.90436,3.04448,2.05496,0.0093367,0.0093367,0.0093367
69,1907.5,2.61267,3.06614,2.25598,0.50403,0.21871,0.18747,0.07634,2.88505,2.85882,2.03956,0.0093268,0.0093268,0.0093268
70,1934.99,2.59747,3.08794,2.26561,0.34604,0.24719,0.18699,0.07131,2.8343,2.89881,2.02689,0.0093169,0.0093169,0.0093169
71,1962.51,2.65354,3.17034,2.25137,0.50989,0.17159,0.20402,0.0796,2.86862,3.27041,2.05751,0.009307,0.009307,0.009307
72,1989.82,2.56889,3.04348,2.20262,0.51001,0.22043,0.18085,0.0667,2.86598,2.92665,2.02801,0.0092971,0.0092971,0.0092971
73,2017.1,2.62468,3.10362,2.23903,0.33596,0.25394,0.1935,0.07179,2.86054,2.98617,2.02765,0.0092872,0.0092872,0.0092872
74,2044.5,2.57946,3.08865,2.22926,0.42953,0.26556,0.23994,0.08028,2.83811,2.90995,2.02576,0.0092773,0.0092773,0.0092773
75,2071.84,2.60179,3.05667,2.21791,0.52969,0.21159,0.19538,0.08046,2.82131,2.81301,2.01529,0.0092674,0.0092674,0.0092674
76,2099.43,2.54185,2.9872,2.1589,0.37021,0.28907,0.22174,0.07842,2.87217,2.8423,2.01193,0.0092575,0.0092575,0.0092575
77,2126.96,2.52762,2.98355,2.19623,0.50217,0.2714,0.22785,0.08322,2.81997,2.84154,1.99175,0.0092476,0.0092476,0.0092476
78,2154.67,2.54245,2.99536,2.19488,0.34246,0.30253,0.21701,0.08259,2.82009,2.80396,1.97119,0.0092377,0.0092377,0.0092377
79,2182.12,2.54347,2.96524,2.15219,0.34531,0.27214,0.20606,0.07752,2.85873,2.9254,1.97865,0.0092278,0.0092278,0.0092278
80,2209.44,2.53712,2.98643,2.17257,0.39072,0.2945,0.21756,0.08103,2.83865,2.95771,2.01241,0.0092179,0.0092179,0.0092179
81,2236.77,2.52582,2.96821,2.17688,0.40006,0.26379,0.21995,0.08598,2.81431,2.8988,1.97366,0.009208,0.009208,0.009208
82,2264.15,2.53266,2.994,2.15496,0.36133,0.30265,0.22983,0.08235,2.83377,3.12609,2.03252,0.0091981,0.0091981,0.0091981
83,2291.69,2.4989,2.97137,2.19377,0.37898,0.35603,0.22359,0.09083,2.78299,2.81988,1.96281,0.0091882,0.0091882,0.0091882
84,2318.99,2.50727,2.94174,2.13607,0.33091,0.23413,0.19969,0.07716,2.89865,2.9903,2.02443,0.0091783,0.0091783,0.0091783
85,2346.7,2.51985,2.93963,2.13887,0.3717,0.29013,0.21212,0.08689,2.82299,2.91492,1.97669,0.0091684,0.0091684,0.0091684
86,2374.15,2.50588,2.99168,2.20169,0.37401,0.33848,0.23754,0.08378,2.78293,2.77997,1.93807,0.0091585,0.0091585,0.0091585
87,2401.5,2.50935,2.92512,2.15702,0.40121,0.30808,0.23291,0.08419,2.85274,2.91059,1.96925,0.0091486,0.0091486,0.0091486
88,2429.11,2.48448,2.94613,2.11843,0.36666,0.34302,0.22716,0.08181,2.80738,2.7966,1.94211,0.0091387,0.0091387,0.0091387
89,2456.43,2.45332,2.90873,2.14589,0.36598,0.32802,0.21918,0.08657,2.81549,2.83079,1.98421,0.0091288,0.0091288,0.0091288
90,2483.99,2.44249,2.85687,2.13321,0.53918,0.2272,0.2266,0.08272,2.77902,2.88117,2.0075,0.0091189,0.0091189,0.0091189
91,2511.49,2.44628,2.83823,2.12403,0.52593,0.32548,0.21161,0.08018,2.80218,2.82542,1.99535,0.009109,0.009109,0.009109
92,2539.14,2.47402,2.89036,2.116,0.56837,0.20651,0.23551,0.0937,2.77762,2.79209,1.95273,0.0090991,0.0090991,0.0090991
93,2566.53,2.52735,2.9329,2.14113,0.37087,0.34905,0.23655,0.0905,2.77809,2.83687,1.93709,0.0090892,0.0090892,0.0090892
94,2593.91,2.4586,2.92754,2.13192,0.39561,0.29121,0.22945,0.08872,2.74414,2.77218,1.95389,0.0090793,0.0090793,0.0090793
95,2621.3,2.46492,2.89868,2.13727,0.42686,0.21842,0.23746,0.0968,2.7681,2.78096,1.94613,0.0090694,0.0090694,0.0090694
96,2648.58,2.44037,2.84543,2.1089,0.37554,0.35317,0.23872,0.09507,2.76944,2.83907,1.958,0.0090595,0.0090595,0.0090595
97,2676,2.42431,2.8973,2.08801,0.35532,0.24556,0.2194,0.08241,2.75995,2.83092,1.93382,0.0090496,0.0090496,0.0090496
98,2703.46,2.47154,2.90336,2.14152,0.4562,0.21327,0.22567,0.08737,2.7853,2.88277,1.95377,0.0090397,0.0090397,0.0090397
99,2731.06,2.42754,2.83495,2.0884,0.40303,0.24524,0.22125,0.08468,2.79708,2.77998,1.91543,0.0090298,0.0090298,0.0090298
100,2758.41,2.47464,2.88695,2.09745,0.38207,0.29247,0.22664,0.08094,2.85869,2.79134,1.96666,0.0090199,0.0090199,0.0090199
101,2785.84,2.42352,2.83462,2.11305,0.40512,0.33318,0.24046,0.09276,2.77369,2.85197,1.95804,0.00901,0.00901,0.00901
102,2813.18,2.42101,2.79821,2.08135,0.37159,0.30723,0.2331,0.08826,2.77244,2.8089,1.91971,0.0090001,0.0090001,0.0090001
103,2840.42,2.40293,2.79085,2.0776,0.39298,0.2934,0.24583,0.09395,2.73476,2.72328,1.91025,0.0089902,0.0089902,0.0089902
104,2867.86,2.42704,2.9131,2.13565,0.24533,0.30413,0.25053,0.09406,2.75044,2.77752,1.96206,0.0089803,0.0089803,0.0089803
105,2895.32,2.38816,2.82975,2.11458,0.4353,0.29417,0.26107,0.0967,2.78199,2.74476,1.94892,0.0089704,0.0089704,0.0089704
106,2922.9,2.3882,2.83954,2.0813,0.42656,0.30147,0.25555,0.09686,2.75459,2.74272,1.93971,0.0089605,0.0089605,0.0089605
107,2950.21,2.37352,2.74615,2.08525,0.40785,0.25258,0.23562,0.09081,2.73143,2.71271,1.91803,0.0089506,0.0089506,0.0089506
108,2977.58,2.43181,2.77101,2.06421,0.41012,0.3131,0.22644,0.08556,2.74064,2.88197,1.93862,0.0089407,0.0089407,0.0089407
109,3004.98,2.41703,2.80891,2.11064,0.39719,0.29946,0.22908,0.09123,2.78514,2.74992,1.93309,0.0089308,0.0089308,0.0089308
110,3032.23,2.34965,2.72387,2.07272,0.42463,0.33567,0.2414,0.09326,2.75418,2.944,1.9659,0.0089209,0.0089209,0.0089209
111,3059.85,2.37028,2.71464,2.05422,0.42408,0.32054,0.24152,0.09008,2.7932,2.73068,1.97472,0.008911,0.008911,0.008911
112,3087.09,2.40555,2.77286,2.06942,0.41669,0.30573,0.24506,0.09432,2.76772,2.70568,1.92552,0.0089011,0.0089011,0.0089011
113,3114.71,2.36911,2.70739,2.05893,0.39575,0.268,0.23603,0.09231,2.74011,2.74235,1.90124,0.0088912,0.0088912,0.0088912
114,3142.15,2.34688,2.77933,2.05733,0.33666,0.34506,0.23861,0.08015,2.72911,2.69164,1.88663,0.0088813,0.0088813,0.0088813
115,3169.46,2.33242,2.72725,2.02608,0.43166,0.31467,0.25872,0.09721,2.79003,2.77835,1.92995,0.0088714,0.0088714,0.0088714
116,3196.84,2.39573,2.78357,2.0252,0.40494,0.34249,0.26404,0.09685,2.73384,2.69156,1.90471,0.0088615,0.0088615,0.0088615
117,3224.17,2.32751,2.64938,2.00065,0.41454,0.32473,0.26642,0.09692,2.79903,2.71228,1.90434,0.0088516,0.0088516,0.0088516
118,3251.71,2.35456,2.74247,2.01686,0.4387,0.32533,0.26067,0.09301,2.77668,2.74353,1.89722,0.0088417,0.0088417,0.0088417
119,3279.14,2.32475,2.68786,2.04611,0.25571,0.3292,0.26911,0.10013,2.7483,2.72911,1.89668,0.0088318,0.0088318,0.0088318
120,3306.72,2.32542,2.67202,2.00005,0.26846,0.31727,0.26216,0.10002,2.7074,2.70183,1.89181,0.0088219,0.0088219,0.0088219
121,3334.11,2.34991,2.71183,2.03444,0.24767,0.30648,0.25814,0.09271,2.74709,2.70359,1.8775,0.008812,0.008812,0.008812
122,3361.58,2.3169,2.72335,1.98214,0.41542,0.34955,0.23723,0.08469,2.81882,2.83663,1.91036,0.0088021,0.0088021,0.0088021
123,3388.88,2.28344,2.63482,1.97917,0.23391,0.30974,0.27574,0.09894,2.74315,2.68191,1.89929,0.0087922,0.0087922,0.0087922
124,3416.16,2.26998,2.61949,1.9715,0.37876,0.3144,0.29517,0.1016,2.73884,2.60072,1.89064,0.0087823,0.0087823,0.0087823
125,3443.69,2.32395,2.63945,1.96695,0.22667,0.39072,0.24381,0.09209,2.75966,2.72748,1.8927,0.0087724,0.0087724,0.0087724
126,3471.2,2.30229,2.645,1.99005,0.42424,0.41951,0.26394,0.10041,2.77362,2.7785,1.9317,0.0087625,0.0087625,0.0087625
127,3498.83,2.2657,2.63065,1.96219,0.44304,0.40308,0.29252,0.10372,2.72442,2.63866,1.89585,0.0087526,0.0087526,0.0087526
128,3526.22,2.28025,2.61645,1.98262,0.50575,0.30771,0.28767,0.09742,2.82252,2.72343,1.92878,0.0087427,0.0087427,0.0087427
129,3553.53,2.28305,2.64138,1.96437,0.29873,0.33557,0.30141,0.10834,2.76301,2.69601,1.92701,0.0087328,0.0087328,0.0087328
130,3580.93,2.23522,2.64133,1.98453,0.27393,0.33827,0.28891,0.09684,2.7191,2.60928,1.91683,0.0087229,0.0087229,0.0087229
131,3608.26,2.27971,2.59405,1.93694,0.34347,0.42966,0.32458,0.10619,2.73101,2.59847,1.89374,0.008713,0.008713,0.008713
132,3635.73,2.26743,2.59717,1.98294,0.36725,0.34704,0.29738,0.09403,2.72117,2.67069,1.91143,0.0087031,0.0087031,0.0087031
133,3663.22,2.26014,2.63297,1.97032,0.28103,0.3293,0.26727,0.09576,2.72732,2.64578,1.9389,0.0086932,0.0086932,0.0086932
134,3690.88,2.25163,2.60374,1.93932,0.32624,0.37743,0.29687,0.09841,2.71823,2.62339,1.9019,0.0086833,0.0086833,0.0086833
135,3718.22,2.29116,2.60535,1.97349,0.35478,0.33855,0.28964,0.10149,2.69479,2.70208,1.881,0.0086734,0.0086734,0.0086734
136,3745.5,2.24492,2.57229,1.94969,0.32946,0.34949,0.2727,0.09688,2.75569,2.65505,1.88765,0.0086635,0.0086635,0.0086635
137,3772.76,2.22274,2.52217,1.93407,0.41834,0.39977,0.32052,0.10791,2.74311,2.56843,1.87799,0.0086536,0.0086536,0.0086536
138,3800.13,2.26881,2.54951,1.95412,0.38913,0.32875,0.30411,0.09978,2.74534,2.66094,1.94197,0.0086437,0.0086437,0.0086437
139,3827.74,2.24322,2.6085,1.90996,0.32277,0.37658,0.2979,0.10685,2.72578,2.59623,1.87329,0.0086338,0.0086338,0.0086338
140,3855,2.2671,2.6088,1.90975,0.29078,0.34292,0.29774,0.1034,2.75491,2.63718,1.88973,0.0086239,0.0086239,0.0086239
141,3882.69,2.2018,2.49183,1.88792,0.34286,0.38813,0.32348,0.10919,2.75606,2.65953,1.90106,0.008614,0.008614,0.008614
142,3910.15,2.16176,2.49507,1.90892,0.5452,0.36213,0.31775,0.11029,2.71199,2.52543,1.87727,0.0086041,0.0086041,0.0086041
143,3937.51,2.21658,2.4898,1.90149,0.38083,0.33354,0.34221,0.1086,2.74198,2.57504,1.90466,0.0085942,0.0085942,0.0085942
144,3964.83,2.20701,2.53305,1.90291,0.35518,0.3464,0.32212,0.1072,2.75277,2.59921,1.891,0.0085843,0.0085843,0.0085843
145,3992.02,2.1791,2.46846,1.90937,0.34432,0.33382,0.30849,0.09947,2.7305,2.56945,1.8857,0.0085744,0.0085744,0.0085744
146,4019.43,2.1772,2.46084,1.88599,0.36438,0.32191,0.29802,0.0994,2.73616,2.59388,1.91387,0.0085645,0.0085645,0.0085645
147,4046.93,2.24495,2.58122,1.92208,0.28606,0.37306,0.27935,0.10095,2.69199,2.62367,1.87759,0.0085546,0.0085546,0.0085546
148,4074.68,2.17703,2.48494,1.89561,0.33168,0.39081,0.30189,0.10906,2.67436,2.49719,1.83412,0.0085447,0.0085447,0.0085447
149,4102.08,2.1945,2.53463,1.90883,0.30917,0.43166,0.26829,0.10564,2.71677,2.70034,1.86855,0.0085348,0.0085348,0.0085348
150,4129.45,2.17779,2.52998,1.87612,0.37025,0.37618,0.34377,0.10992,2.75788,2.54072,1.86589,0.0085249,0.0085249,0.0085249
151,4156.8,2.18216,2.44511,1.89492,0.33578,0.39471,0.32968,0.10844,2.75415,2.48849,1.87114,0.008515,0.008515,0.008515
152,4184.01,2.22555,2.5123,1.91678,0.36201,0.31762,0.28841,0.09936,2.72433,2.52607,1.903,0.0085051,0.0085051,0.0085051
153,4211.47,2.20753,2.4656,1.90643,0.31134,0.42297,0.31029,0.10684,2.73977,2.55441,1.86984,0.0084952,0.0084952,0.0084952
154,4238.96,2.18455,2.52063,1.89571,0.36939,0.35495,0.33503,0.11036,2.69841,2.50593,1.88869,0.0084853,0.0084853,0.0084853
155,4266.53,2.19192,2.52688,1.88822,0.3093,0.38055,0.30174,0.10334,2.79981,2.62433,1.89463,0.0084754,0.0084754,0.0084754
156,4293.92,2.21281,2.44955,1.8687,0.35791,0.31176,0.28949,0.10228,2.71276,2.49139,1.86535,0.0084655,0.0084655,0.0084655
157,4321.29,2.13981,2.37998,1.86261,0.29946,0.37365,0.28182,0.1056,2.71094,2.48264,1.87083,0.0084556,0.0084556,0.0084556
158,4348.66,2.17134,2.43386,1.85763,0.43663,0.35918,0.34096,0.11289,2.6826,2.49962,1.85171,0.0084457,0.0084457,0.0084457
159,4375.89,2.11515,2.37197,1.86736,0.33189,0.40121,0.34392,0.11857,2.70701,2.49489,1.85582,0.0084358,0.0084358,0.0084358
160,4403.31,2.12434,2.37532,1.85365,0.34029,0.41098,0.32356,0.11298,2.69514,2.53833,1.8845,0.0084259,0.0084259,0.0084259
161,4430.86,2.172,2.47344,1.8693,0.44183,0.38375,0.29758,0.10193,2.72229,2.62886,1.8635,0.008416,0.008416,0.008416
162,4458.48,2.18373,2.43605,1.87006,0.34526,0.41765,0.33487,0.1146,2.68816,2.46183,1.88538,0.0084061,0.0084061,0.0084061
163,4485.9,2.18764,2.47597,1.8365,0.37627,0.38059,0.32495,0.11088,2.69026,2.6119,1.84031,0.0083962,0.0083962,0.0083962
164,4513.28,2.13927,2.46641,1.87182,0.34928,0.3285,0.31036,0.11313,2.68008,2.52007,1.83591,0.0083863,0.0083863,0.0083863
165,4540.62,2.14929,2.40071,1.86811,0.43936,0.36881,0.33318,0.11046,2.70576,2.53413,1.84764,0.0083764,0.0083764,0.0083764
166,4567.9,2.12255,2.38153,1.81848,0.25681,0.4476,0.30903,0.10765,2.65643,2.45216,1.86441,0.0083665,0.0083665,0.0083665
167,4595.51,2.16523,2.39155,1.83457,0.35282,0.3795,0.31062,0.11342,2.66437,2.52263,1.85272,0.0083566,0.0083566,0.0083566
168,4622.74,2.09666,2.35304,1.83424,0.29329,0.31866,0.27059,0.0999,2.65503,2.52076,1.86313,0.0083467,0.0083467,0.0083467
169,4650.38,2.09791,2.34207,1.80695,0.4183,0.35727,0.3192,0.11118,2.66223,2.52369,1.83712,0.0083368,0.0083368,0.0083368
170,4677.81,2.15075,2.46311,1.87835,0.28275,0.41122,0.3066,0.11192,2.70528,2.48956,1.85506,0.0083269,0.0083269,0.0083269
171,4705.13,2.12778,2.37406,1.83548,0.48345,0.35237,0.35965,0.118,2.69999,2.46448,1.82497,0.008317,0.008317,0.008317
172,4732.47,2.14877,2.39012,1.85987,0.46415,0.36586,0.32622,0.11029,2.6815,2.4109,1.85589,0.0083071,0.0083071,0.0083071
173,4759.75,2.10956,2.37886,1.82173,0.31207,0.43457,0.34117,0.11808,2.62557,2.43358,1.82026,0.0082972,0.0082972,0.0082972
174,4787.33,2.11184,2.40236,1.82591,0.44323,0.3784,0.37844,0.12552,2.66674,2.45976,1.84726,0.0082873,0.0082873,0.0082873
175,4814.81,2.15715,2.3867,1.84061,0.41464,0.36539,0.33905,0.11278,2.66009,2.46885,1.815,0.0082774,0.0082774,0.0082774
176,4842.4,2.11518,2.41084,1.82906,0.4342,0.33815,0.33762,0.11077,2.71032,2.53281,1.85276,0.0082675,0.0082675,0.0082675
177,4869.8,2.14975,2.35674,1.80192,0.36262,0.42844,0.34873,0.11518,2.72639,2.49042,1.85615,0.0082576,0.0082576,0.0082576
178,4897.27,2.11064,2.39448,1.82522,0.37309,0.37034,0.34941,0.12385,2.71405,2.52972,1.87871,0.0082477,0.0082477,0.0082477
179,4924.59,2.09414,2.39056,1.83689,0.36517,0.3951,0.34696,0.11147,2.76713,2.50181,1.89071,0.0082378,0.0082378,0.0082378
180,4951.89,2.08145,2.30652,1.82328,0.35861,0.404,0.35335,0.11553,2.71182,2.51263,1.85172,0.0082279,0.0082279,0.0082279
181,4979.35,2.07456,2.34499,1.79132,0.40085,0.38731,0.35243,0.1199,2.69129,2.47834,1.85147,0.008218,0.008218,0.008218
182,5006.87,2.0507,2.28789,1.80629,0.33529,0.42116,0.34302,0.11375,2.69348,2.50533,1.86285,0.0082081,0.0082081,0.0082081
183,5034.4,2.03889,2.25494,1.78553,0.4251,0.41799,0.3562,0.12309,2.70433,2.50673,1.87552,0.0081982,0.0081982,0.0081982
184,5061.7,2.11402,2.34833,1.81748,0.33184,0.45067,0.32109,0.11278,2.76295,2.55613,1.86068,0.0081883,0.0081883,0.0081883
185,5088.93,2.07817,2.37515,1.8046,0.41151,0.40432,0.36169,0.11815,2.74178,2.44447,1.89584,0.0081784,0.0081784,0.0081784
186,5116.24,2.12674,2.37725,1.81781,0.37529,0.40738,0.35815,0.11789,2.66314,2.53355,1.84776,0.0081685,0.0081685,0.0081685
187,5143.63,2.08039,2.26507,1.753,0.44817,0.32501,0.34462,0.11891,2.67514,2.51759,1.85092,0.0081586,0.0081586,0.0081586
188,5171.21,2.08072,2.34585,1.80785,0.39719,0.38777,0.35456,0.12971,2.7118,2.50681,1.88196,0.0081487,0.0081487,0.0081487
189,5198.72,2.13367,2.32833,1.80746,0.36589,0.41281,0.39972,0.12862,2.69765,2.43343,1.86351,0.0081388,0.0081388,0.0081388
190,5226.28,2.03974,2.27383,1.77925,0.44554,0.38899,0.35828,0.12559,2.73189,2.50774,1.87204,0.0081289,0.0081289,0.0081289
191,5253.55,2.08186,2.3065,1.77891,0.56824,0.3385,0.32529,0.1132,2.72489,2.56336,1.86452,0.008119,0.008119,0.008119
192,5280.86,2.07152,2.3153,1.79198,0.42242,0.3992,0.36005,0.11753,2.67684,2.45951,1.85656,0.0081091,0.0081091,0.0081091
193,5308.19,2.08694,2.33992,1.79065,0.33598,0.39897,0.36666,0.12008,2.66114,2.46218,1.84814,0.0080992,0.0080992,0.0080992
194,5335.48,2.03778,2.25336,1.78679,0.38344,0.41459,0.35489,0.11221,2.68862,2.47376,1.83893,0.0080893,0.0080893,0.0080893
195,5363.07,2.13458,2.3102,1.7937,0.38284,0.38063,0.33835,0.11588,2.71243,2.45718,1.8685,0.0080794,0.0080794,0.0080794
196,5390.38,2.08034,2.28748,1.79863,0.33012,0.44751,0.32988,0.1166,2.67716,2.42617,1.87518,0.0080695,0.0080695,0.0080695
197,5418,2.08981,2.35787,1.79727,0.35922,0.37903,0.33391,0.12001,2.70751,2.47752,1.85309,0.0080596,0.0080596,0.0080596
198,5445.37,2.09289,2.24253,1.76652,0.44251,0.4002,0.36242,0.12586,2.64313,2.42519,1.83209,0.0080497,0.0080497,0.0080497
199,5472.62,2.05239,2.28094,1.79089,0.3969,0.39613,0.36638,0.11936,2.666,2.49736,1.85388,0.0080398,0.0080398,0.0080398
200,5499.92,2.04462,2.34596,1.79672,0.49619,0.39068,0.36517,0.12978,2.63315,2.42428,1.81493,0.0080299,0.0080299,0.0080299
201,5527.15,2.02456,2.27114,1.78085,0.4621,0.38293,0.35254,0.12239,2.66604,2.45064,1.82265,0.00802,0.00802,0.00802
202,5554.61,2.08708,2.25342,1.75661,0.40204,0.41185,0.36974,0.12517,2.60539,2.38528,1.8279,0.0080101,0.0080101,0.0080101
203,5582.01,2.08685,2.3521,1.81152,0.33743,0.4194,0.30279,0.10928,2.63823,2.56516,1.8364,0.0080002,0.0080002,0.0080002
204,5609.6,2.05805,2.32423,1.75792,0.3917,0.41485,0.36077,0.1219,2.6442,2.47098,1.83003,0.0079903,0.0079903,0.0079903
205,5637,2.01231,2.23372,1.75532,0.47832,0.43451,0.36682,0.12849,2.63705,2.50172,1.83621,0.0079804,0.0079804,0.0079804
206,5664.4,2.08223,2.3144,1.75825,0.47942,0.37325,0.37091,0.12471,2.64628,2.46559,1.85014,0.0079705,0.0079705,0.0079705
207,5691.73,2.03227,2.2562,1.76441,0.3924,0.39819,0.36376,0.12042,2.64857,2.4854,1.8392,0.0079606,0.0079606,0.0079606
208,5718.95,2.05812,2.22958,1.7815,0.39345,0.39926,0.35682,0.12333,2.66218,2.45679,1.86976,0.0079507,0.0079507,0.0079507
209,5746.39,2.08633,2.29464,1.78327,0.35908,0.42758,0.36684,0.13549,2.64913,2.46105,1.84379,0.0079408,0.0079408,0.0079408
210,5773.92,2.09725,2.26773,1.79031,0.4179,0.40609,0.34173,0.12424,2.68196,2.42029,1.85131,0.0079309,0.0079309,0.0079309
211,5801.4,2.07878,2.31769,1.7825,0.55185,0.40314,0.37747,0.11798,2.67792,2.38204,1.87196,0.007921,0.007921,0.007921
212,5828.65,2.05591,2.24401,1.7674,0.41115,0.38877,0.38474,0.12355,2.65937,2.41233,1.84927,0.0079111,0.0079111,0.0079111
213,5855.98,2.07313,2.28201,1.78109,0.40266,0.43853,0.37534,0.11948,2.62003,2.38734,1.80756,0.0079012,0.0079012,0.0079012
214,5883.35,2.04531,2.25988,1.78021,0.35635,0.44717,0.33697,0.11803,2.63497,2.42764,1.82736,0.0078913,0.0078913,0.0078913
215,5910.57,2.01329,2.18493,1.72255,0.47523,0.41996,0.39013,0.13059,2.65251,2.44243,1.84554,0.0078814,0.0078814,0.0078814
216,5938.02,2.04072,2.27639,1.7941,0.36534,0.42679,0.36378,0.12886,2.64266,2.37205,1.84749,0.0078715,0.0078715,0.0078715
217,5965.44,2.01915,2.23143,1.7668,0.51231,0.3726,0.37613,0.13028,2.61267,2.37699,1.85841,0.0078616,0.0078616,0.0078616
218,5992.97,2.05613,2.24708,1.75921,0.36202,0.42128,0.33554,0.12423,2.61701,2.35522,1.82058,0.0078517,0.0078517,0.0078517
219,6020.36,2.03272,2.22774,1.73079,0.5169,0.34729,0.35738,0.12568,2.6372,2.40744,1.83949,0.0078418,0.0078418,0.0078418
220,6047.68,2.06426,2.26454,1.79218,0.49175,0.41447,0.43686,0.13829,2.63962,2.44345,1.8448,0.0078319,0.0078319,0.0078319
221,6074.99,2.0129,2.24667,1.75765,0.49849,0.3978,0.43056,0.13989,2.65943,2.3701,1.86609,0.007822,0.007822,0.007822
222,6102.21,2.03861,2.25764,1.76762,0.41948,0.39042,0.36599,0.12812,2.65085,2.40365,1.85384,0.0078121,0.0078121,0.0078121
223,6129.75,2.05266,2.25429,1.7326,0.42749,0.35942,0.34687,0.12312,2.66519,2.47737,1.87563,0.0078022,0.0078022,0.0078022
224,6156.99,2.05973,2.27417,1.76204,0.43845,0.40285,0.36718,0.12494,2.63969,2.48717,1.84538,0.0077923,0.0077923,0.0077923
225,6184.55,2.05611,2.30461,1.788,0.39197,0.40493,0.34763,0.11905,2.59464,2.38636,1.83015,0.0077824,0.0077824,0.0077824
226,6211.95,2.05075,2.3074,1.76791,0.33703,0.46708,0.36628,0.12782,2.66934,2.3827,1.82327,0.0077725,0.0077725,0.0077725
227,6239.27,2.00166,2.20823,1.73567,0.32089,0.42384,0.33417,0.13107,2.60921,2.37446,1.8122,0.0077626,0.0077626,0.0077626
228,6266.57,2.04472,2.25679,1.77112,0.40831,0.43859,0.38882,0.12768,2.64641,2.39601,1.84654,0.0077527,0.0077527,0.0077527
229,6293.77,2.03813,2.18522,1.76868,0.39947,0.43978,0.37807,0.12617,2.61342,2.40147,1.82085,0.0077428,0.0077428,0.0077428
230,6321.2,2.04252,2.25076,1.75628,0.39843,0.43739,0.39136,0.13272,2.62917,2.38779,1.84476,0.0077329,0.0077329,0.0077329
231,6348.61,2.03555,2.25517,1.7496,0.44667,0.43221,0.39128,0.13364,2.61454,2.3579,1.8236,0.007723,0.007723,0.007723
232,6376.22,2.00392,2.18897,1.73644,0.50343,0.38739,0.40445,0.13354,2.62997,2.39716,1.80067,0.0077131,0.0077131,0.0077131
233,6403.62,2.06747,2.23288,1.75515,0.51592,0.39453,0.41218,0.13166,2.64967,2.45126,1.82379,0.0077032,0.0077032,0.0077032
234,6431.06,2.0066,2.22792,1.7542,0.54299,0.35268,0.42804,0.13877,2.63343,2.3888,1.83323,0.0076933,0.0076933,0.0076933
235,6458.36,1.99617,2.18895,1.73768,0.39132,0.47561,0.39085,0.12447,2.63279,2.44405,1.82951,0.0076834,0.0076834,0.0076834
236,6485.59,2.01866,2.17942,1.73841,0.46558,0.43435,0.38954,0.13109,2.64017,2.42543,1.84393,0.0076735,0.0076735,0.0076735
237,6513.01,2.05809,2.24522,1.7802,0.51273,0.36239,0.40919,0.12612,2.63449,2.38396,1.82858,0.0076636,0.0076636,0.0076636
238,6540.47,2.01571,2.19356,1.73054,0.39136,0.38847,0.38425,0.12653,2.62915,2.38765,1.84357,0.0076537,0.0076537,0.0076537
239,6568,2.01664,2.21177,1.74257,0.38061,0.43971,0.3952,0.12252,2.6653,2.33337,1.83789,0.0076438,0.0076438,0.0076438
240,6595.35,2.03513,2.27559,1.7322,0.53863,0.38064,0.40917,0.12632,2.6455,2.39822,1.83828,0.0076339,0.0076339,0.0076339
241,6622.67,2.02871,2.24275,1.76464,0.43618,0.45852,0.4079,0.12618,2.66979,2.39157,1.84052,0.007624,0.007624,0.007624
242,6649.99,2.01382,2.16259,1.75274,0.4025,0.41901,0.36544,0.12289,2.65872,2.40896,1.86036,0.0076141,0.0076141,0.0076141
243,6677.2,1.94472,2.11349,1.71002,0.41881,0.40499,0.3631,0.12858,2.60625,2.35746,1.82588,0.0076042,0.0076042,0.0076042
244,6704.68,2.04148,2.19884,1.74986,0.45553,0.39652,0.42973,0.13809,2.61915,2.37381,1.81517,0.0075943,0.0075943,0.0075943
245,6732.14,2.0122,2.14974,1.72548,0.56841,0.38198,0.39946,0.1339,2.60613,2.37619,1.81768,0.0075844,0.0075844,0.0075844
246,6759.73,1.96428,2.12728,1.70207,0.4007,0.39891,0.34929,0.12485,2.62483,2.34788,1.80644,0.0075745,0.0075745,0.0075745
247,6787.04,2.00433,2.16434,1.74863,0.46413,0.38681,0.33774,0.11443,2.67164,2.34967,1.87462,0.0075646,0.0075646,0.0075646
248,6814.37,1.93569,2.12566,1.70375,0.35505,0.45432,0.35927,0.12217,2.6312,2.35251,1.84105,0.0075547,0.0075547,0.0075547
249,6841.65,2.01647,2.18469,1.73809,0.40016,0.39563,0.35559,0.11863,2.64445,2.35069,1.84522,0.0075448,0.0075448,0.0075448
250,6868.89,2.01931,2.14217,1.73326,0.54446,0.41154,0.37372,0.12284,2.66265,2.38602,1.84882,0.0075349,0.0075349,0.0075349
251,6896.41,1.99482,2.21968,1.73569,0.52054,0.37978,0.3991,0.12532,2.64823,2.34901,1.8387,0.007525,0.007525,0.007525
252,6923.65,2.00447,2.14249,1.71916,0.51788,0.39918,0.39284,0.12502,2.64963,2.34278,1.83492,0.0075151,0.0075151,0.0075151
253,6951.35,2.06198,2.21015,1.75797,0.46783,0.43959,0.4212,0.13449,2.64754,2.29641,1.83002,0.0075052,0.0075052,0.0075052
254,6978.76,1.96479,2.17406,1.73911,0.3805,0.4945,0.36528,0.1268,2.64936,2.39025,1.83559,0.0074953,0.0074953,0.0074953
255,7006.05,1.96561,2.17041,1.72625,0.38218,0.43954,0.36308,0.13174,2.62547,2.37169,1.81792,0.0074854,0.0074854,0.0074854
256,7033.36,2.00164,2.13422,1.71742,0.3898,0.45837,0.39134,0.13371,2.60692,2.3383,1.82022,0.0074755,0.0074755,0.0074755
257,7060.56,1.92927,2.11322,1.71612,0.38687,0.45009,0.37668,0.12445,2.60872,2.36783,1.83931,0.0074656,0.0074656,0.0074656
258,7088.09,1.97192,2.097,1.70688,0.35773,0.45148,0.38461,0.12431,2.65297,2.38318,1.86288,0.0074557,0.0074557,0.0074557
259,7115.62,1.96437,2.1614,1.72747,0.42932,0.42769,0.42044,0.13473,2.63221,2.34827,1.85147,0.0074458,0.0074458,0.0074458
260,7143.29,1.99356,2.18359,1.70789,0.48841,0.41216,0.38655,0.12729,2.64199,2.39533,1.84272,0.0074359,0.0074359,0.0074359
261,7170.72,1.99419,2.14716,1.72228,0.54595,0.42306,0.43471,0.13635,2.64003,2.36972,1.84728,0.007426,0.007426,0.007426
262,7198.16,1.99935,2.14104,1.71401,0.45935,0.4194,0.37302,0.12507,2.64505,2.43615,1.81892,0.0074161,0.0074161,0.0074161
263,7225.46,1.96566,2.10824,1.71098,0.38972,0.41569,0.37701,0.13084,2.62557,2.36479,1.82352,0.0074062,0.0074062,0.0074062
264,7252.65,1.96754,2.12448,1.71062,0.37249,0.43952,0.36993,0.13389,2.63201,2.31872,1.81321,0.0073963,0.0073963,0.0073963
265,7280.09,1.93962,2.03977,1.65458,0.35172,0.43062,0.3664,0.14034,2.61455,2.33882,1.80981,0.0073864,0.0073864,0.0073864
266,7307.59,1.97921,2.12929,1.72656,0.39014,0.44566,0.35341,0.13619,2.6402,2.32795,1.82815,0.0073765,0.0073765,0.0073765
267,7335.16,1.97628,2.09747,1.72614,0.41145,0.4506,0.39986,0.12869,2.65252,2.38091,1.84151,0.0073666,0.0073666,0.0073666
268,7362.44,1.94169,2.10103,1.68615,0.36357,0.42888,0.36558,0.12486,2.63472,2.35043,1.83066,0.0073567,0.0073567,0.0073567
269,7389.8,1.94526,2.09292,1.70181,0.56255,0.38717,0.41271,0.13304,2.62555,2.32278,1.83381,0.0073468,0.0073468,0.0073468
270,7417.14,1.95612,2.10392,1.68919,0.44677,0.42001,0.40155,0.12786,2.65217,2.42095,1.80317,0.0073369,0.0073369,0.0073369
271,7444.37,1.98733,2.1368,1.74697,0.42748,0.4842,0.38955,0.12864,2.63362,2.38355,1.83562,0.007327,0.007327,0.007327
272,7471.86,1.94023,2.05989,1.68052,0.50207,0.46176,0.41482,0.13791,2.61899,2.32882,1.78939,0.0073171,0.0073171,0.0073171
273,7499.42,1.95234,2.09452,1.68773,0.4756,0.45186,0.4052,0.13918,2.6018,2.35716,1.78918,0.0073072,0.0073072,0.0073072
274,7527.03,1.95006,2.08889,1.65937,0.34384,0.4857,0.38701,0.1317,2.61668,2.35367,1.81838,0.0072973,0.0072973,0.0072973
275,7554.42,1.94155,2.04886,1.69476,0.43296,0.44068,0.41692,0.13056,2.60009,2.27883,1.80545,0.0072874,0.0072874,0.0072874
276,7581.84,1.98893,2.16479,1.70151,0.56407,0.38631,0.39751,0.13203,2.62045,2.37468,1.82875,0.0072775,0.0072775,0.0072775
277,7609.18,1.93633,2.09148,1.68141,0.48492,0.41474,0.40947,0.13983,2.5889,2.36189,1.7887,0.0072676,0.0072676,0.0072676
278,7636.42,1.95954,2.10854,1.69096,0.50089,0.39962,0.38249,0.12894,2.59977,2.31743,1.79846,0.0072577,0.0072577,0.0072577
279,7664.04,1.95093,2.11299,1.72704,0.49509,0.4045,0.39495,0.12815,2.62374,2.36842,1.80758,0.0072478,0.0072478,0.0072478
280,7691.3,1.92219,2.09525,1.68465,0.44484,0.42045,0.37117,0.12759,2.61323,2.31592,1.8045,0.0072379,0.0072379,0.0072379
281,7718.99,1.95844,2.10419,1.68793,0.44385,0.40957,0.35125,0.12386,2.62516,2.37216,1.81248,0.007228,0.007228,0.007228
282,7746.46,1.95467,2.06322,1.70534,0.42585,0.42412,0.38798,0.13396,2.58931,2.37169,1.81342,0.0072181,0.0072181,0.0072181
283,7773.84,1.98835,2.14964,1.70178,0.38994,0.40238,0.38213,0.13583,2.59807,2.31439,1.78988,0.0072082,0.0072082,0.0072082
284,7801.3,1.94464,2.07735,1.66448,0.45577,0.46774,0.40276,0.13182,2.62976,2.31287,1.81753,0.0071983,0.0071983,0.0071983
285,7828.62,1.94922,2.06226,1.6989,0.58478,0.40229,0.39546,0.14283,2.5971,2.32649,1.81382,0.0071884,0.0071884,0.0071884
286,7856.21,1.92938,2.06456,1.68146,0.49731,0.40448,0.37734,0.14533,2.61754,2.27749,1.82138,0.0071785,0.0071785,0.0071785
287,7883.68,1.96818,2.11954,1.70345,0.46092,0.4198,0.39885,0.14737,2.64236,2.32514,1.8418,0.0071686,0.0071686,0.0071686
288,7911.32,1.95027,2.03081,1.64357,0.55053,0.4122,0.38936,0.1366,2.65214,2.34067,1.81808,0.0071587,0.0071587,0.0071587
289,7938.71,1.95958,2.08935,1.67917,0.41479,0.41551,0.38146,0.13222,2.65668,2.35318,1.83558,0.0071488,0.0071488,0.0071488
290,7966.08,1.93229,2.04098,1.69869,0.44959,0.3943,0.38568,0.13932,2.5954,2.29388,1.80799,0.0071389,0.0071389,0.0071389
291,7993.38,1.91768,2.06649,1.67818,0.3789,0.44686,0.37939,0.14023,2.58575,2.28227,1.81495,0.007129,0.007129,0.007129
292,8020.72,1.92016,2.04115,1.69122,0.37942,0.46892,0.39154,0.1487,2.59879,2.26661,1.80277,0.0071191,0.0071191,0.0071191
293,8048.31,1.86775,1.93624,1.65505,0.42585,0.45876,0.4022,0.14733,2.64407,2.30535,1.81544,0.0071092,0.0071092,0.0071092
294,8075.79,1.94481,2.07659,1.66803,0.38979,0.47703,0.38779,0.13964,2.65382,2.33031,1.82747,0.0070993,0.0070993,0.0070993
295,8103.38,1.93335,2.06805,1.69386,0.52041,0.42571,0.39724,0.14627,2.67495,2.36398,1.83581,0.0070894,0.0070894,0.0070894
296,8130.71,1.85778,1.97997,1.63813,0.48771,0.39711,0.38662,0.14531,2.64982,2.29945,1.83759,0.0070795,0.0070795,0.0070795
297,8158.04,1.93693,2.05982,1.66333,0.3717,0.47579,0.38074,0.14289,2.61544,2.2667,1.85121,0.0070696,0.0070696,0.0070696
298,8185.41,1.88346,1.97751,1.65983,0.43817,0.44484,0.37852,0.13854,2.62618,2.34647,1.85679,0.0070597,0.0070597,0.0070597
299,8212.71,1.9462,2.06639,1.68953,0.38378,0.48591,0.38744,0.1455,2.63316,2.32652,1.84691,0.0070498,0.0070498,0.0070498
300,8240.26,1.93416,2.05065,1.65619,0.40659,0.47831,0.38764,0.14456,2.6422,2.28818,1.82882,0.0070399,0.0070399,0.0070399
301,8267.7,1.89452,2.0106,1.68052,0.52928,0.41161,0.41186,0.14984,2.62549,2.2986,1.81752,0.00703,0.00703,0.00703
302,8295.25,1.91381,2.06308,1.67562,0.42494,0.47169,0.42965,0.14547,2.63081,2.27176,1.82351,0.0070201,0.0070201,0.0070201
303,8322.54,1.8639,1.9581,1.649,0.41836,0.46991,0.40835,0.14526,2.61478,2.25987,1.82806,0.0070102,0.0070102,0.0070102
304,8349.86,1.9053,2.0123,1.63926,0.49734,0.43786,0.41398,0.13832,2.62083,2.28345,1.82311,0.0070003,0.0070003,0.0070003
305,8377.23,1.88437,2.00718,1.6865,0.3716,0.45241,0.37901,0.13396,2.64534,2.33529,1.85438,0.0069904,0.0069904,0.0069904
306,8404.59,1.90647,1.98534,1.66531,0.32002,0.48605,0.39265,0.13984,2.61158,2.29857,1.85218,0.0069805,0.0069805,0.0069805
307,8432.14,1.93923,2.0285,1.67133,0.39785,0.47748,0.40694,0.13842,2.63587,2.27821,1.85201,0.0069706,0.0069706,0.0069706
308,8459.39,1.91863,1.9779,1.65458,0.43128,0.45279,0.41319,0.13288,2.64211,2.25309,1.84055,0.0069607,0.0069607,0.0069607
309,8487.03,1.96137,2.02178,1.71759,0.4883,0.44913,0.41971,0.13308,2.68316,2.33467,1.85852,0.0069508,0.0069508,0.0069508
310,8514.54,1.8989,2.01996,1.65998,0.51864,0.42832,0.42641,0.13674,2.66711,2.37759,1.86653,0.0069409,0.0069409,0.0069409
311,8541.95,1.89867,1.97506,1.64299,0.48143,0.44235,0.40513,0.13537,2.63576,2.31119,1.81906,0.006931,0.006931,0.006931
312,8569.31,1.89209,1.93233,1.63341,0.41057,0.48157,0.40585,0.13782,2.61131,2.3109,1.82981,0.0069211,0.0069211,0.0069211
313,8596.55,1.88012,1.97168,1.65534,0.48138,0.47678,0.4208,0.14942,2.60439,2.28118,1.84617,0.0069112,0.0069112,0.0069112
314,8624.21,1.9301,2.02702,1.65709,0.40359,0.47469,0.40485,0.14158,2.60206,2.24956,1.81027,0.0069013,0.0069013,0.0069013
315,8651.7,1.84668,1.95336,1.62865,0.47647,0.43504,0.42195,0.14414,2.56857,2.25268,1.8182,0.0068914,0.0068914,0.0068914
316,8679.34,1.89751,2.00047,1.65478,0.59525,0.36873,0.42619,0.14527,2.60101,2.31608,1.82661,0.0068815,0.0068815,0.0068815
317,8706.69,1.86638,1.99845,1.62636,0.54866,0.40127,0.44576,0.13858,2.60323,2.28322,1.82353,0.0068716,0.0068716,0.0068716
318,8734.1,1.90746,1.99526,1.64767,0.53771,0.46946,0.45859,0.14876,2.59855,2.3073,1.80833,0.0068617,0.0068617,0.0068617
319,8761.53,1.8958,1.97799,1.65859,0.59499,0.42957,0.42471,0.13846,2.62673,2.27567,1.83381,0.0068518,0.0068518,0.0068518
320,8788.75,1.86474,1.96029,1.63745,0.50114,0.44786,0.39479,0.13918,2.62187,2.30022,1.82659,0.0068419,0.0068419,0.0068419
321,8816.16,1.88832,1.98054,1.65156,0.3587,0.52179,0.42614,0.14204,2.61163,2.33597,1.81223,0.006832,0.006832,0.006832
322,8843.64,1.85596,1.9257,1.63915,0.38327,0.50659,0.42162,0.14333,2.60207,2.25659,1.80875,0.0068221,0.0068221,0.0068221
323,8871.33,1.8825,1.92545,1.64423,0.38555,0.51961,0.42949,0.14348,2.58047,2.28638,1.81444,0.0068122,0.0068122,0.0068122
324,8898.8,1.93591,2.0259,1.69537,0.4172,0.49279,0.40825,0.13627,2.58256,2.34017,1.80883,0.0068023,0.0068023,0.0068023
325,8926.19,1.90079,1.99274,1.63785,0.35407,0.50014,0.41675,0.1339,2.5855,2.33367,1.79807,0.0067924,0.0067924,0.0067924
326,8953.57,1.89804,2.00005,1.65811,0.42156,0.48735,0.43122,0.14151,2.59392,2.31233,1.79443,0.0067825,0.0067825,0.0067825
327,8980.84,1.90915,1.9872,1.66556,0.37445,0.52473,0.43204,0.14361,2.62145,2.26191,1.79054,0.0067726,0.0067726,0.0067726
328,9008.29,1.88445,1.98386,1.66787,0.48806,0.491,0.45088,0.15713,2.58339,2.2579,1.7995,0.0067627,0.0067627,0.0067627
329,9035.7,1.89757,1.92441,1.63227,0.47702,0.43418,0.42161,0.15228,2.57304,2.30036,1.79314,0.0067528,0.0067528,0.0067528
330,9063.25,1.86726,1.95867,1.64115,0.4426,0.45911,0.40475,0.15342,2.56592,2.29581,1.78337,0.0067429,0.0067429,0.0067429
331,9090.68,1.852,1.94842,1.64269,0.3825,0.50031,0.39565,0.14523,2.58191,2.27598,1.80158,0.006733,0.006733,0.006733
332,9118.05,1.85074,1.87042,1.62803,0.46054,0.38179,0.38015,0.13919,2.5854,2.29044,1.79985,0.0067231,0.0067231,0.0067231
333,9145.45,1.78912,1.87044,1.61463,0.49351,0.44032,0.40258,0.14448,2.62111,2.2971,1.81049,0.0067132,0.0067132,0.0067132
334,9172.8,1.9268,1.97979,1.6564,0.42061,0.45853,0.42732,0.14328,2.5892,2.29186,1.81896,0.0067033,0.0067033,0.0067033
335,9200.47,1.84482,1.92649,1.62232,0.56872,0.37262,0.41453,0.13869,2.59163,2.28308,1.83004,0.0066934,0.0066934,0.0066934
336,9227.69,1.83887,1.93254,1.62316,0.49203,0.4187,0.4123,0.14224,2.61573,2.24612,1.82181,0.0066835,0.0066835,0.0066835
337,9255.39,1.83131,1.93295,1.63989,0.44092,0.50075,0.44773,0.14326,2.6401,2.34856,1.83225,0.0066736,0.0066736,0.0066736
338,9282.84,1.87481,1.97027,1.64571,0.49023,0.45585,0.39726,0.1443,2.59009,2.2881,1.80168,0.0066637,0.0066637,0.0066637
339,9310.16,1.88721,1.96443,1.63101,0.44204,0.46161,0.40588,0.14036,2.63211,2.33043,1.82768,0.0066538,0.0066538,0.0066538
340,9337.55,1.84852,1.87288,1.61899,0.41972,0.51641,0.4323,0.14802,2.59251,2.28212,1.80737,0.0066439,0.0066439,0.0066439
341,9365.53,1.83046,1.95301,1.64467,0.39966,0.54088,0.43293,0.15048,2.61495,2.29437,1.82373,0.006634,0.006634,0.006634
342,9392.99,1.88188,1.93112,1.63398,0.40853,0.52556,0.4182,0.14367,2.59417,2.28146,1.79061,0.0066241,0.0066241,0.0066241
343,9420.63,1.86134,1.94251,1.62974,0.42339,0.47927,0.45651,0.15363,2.60299,2.21406,1.8031,0.0066142,0.0066142,0.0066142
344,9448.52,1.83921,1.90186,1.61391,0.44057,0.48591,0.43626,0.14978,2.61637,2.27206,1.81862,0.0066043,0.0066043,0.0066043
345,9475.93,1.88779,1.9265,1.64061,0.43852,0.51778,0.42121,0.15456,2.57774,2.30969,1.80511,0.0065944,0.0065944,0.0065944
346,9503.38,1.78943,1.8533,1.59373,0.42611,0.4778,0.41278,0.14902,2.58732,2.26402,1.79293,0.0065845,0.0065845,0.0065845
347,9530.78,1.83284,1.89802,1.63903,0.44698,0.46015,0.41968,0.14999,2.64008,2.29987,1.80191,0.0065746,0.0065746,0.0065746
348,9559.22,1.86111,1.94969,1.63245,0.39767,0.47212,0.45097,0.15445,2.60326,2.25783,1.79499,0.0065647,0.0065647,0.0065647
349,9586.85,1.82121,1.93753,1.61917,0.46875,0.49268,0.41538,0.14059,2.57931,2.25772,1.79119,0.0065548,0.0065548,0.0065548
350,9614.91,1.87887,1.96617,1.63709,0.48708,0.46942,0.41571,0.14882,2.56236,2.26774,1.80692,0.0065449,0.0065449,0.0065449
351,9642.42,1.85506,1.95354,1.61754,0.4587,0.46768,0.43735,0.14787,2.54418,2.26486,1.803,0.006535,0.006535,0.006535
352,9669.91,1.87047,1.94395,1.62019,0.42672,0.46236,0.40486,0.13978,2.58432,2.22663,1.80465,0.0065251,0.0065251,0.0065251
353,9697.45,1.81861,1.89126,1.62744,0.45773,0.44447,0.3978,0.13767,2.59789,2.22617,1.80578,0.0065152,0.0065152,0.0065152
354,9725.54,1.83005,1.94265,1.63944,0.47756,0.49116,0.43887,0.15027,2.60391,2.26451,1.82024,0.0065053,0.0065053,0.0065053
355,9753.16,1.83534,1.90663,1.59592,0.52333,0.42905,0.43078,0.15066,2.55787,2.20994,1.80714,0.0064954,0.0064954,0.0064954
356,9780.85,1.89088,1.96925,1.65228,0.42579,0.47389,0.4063,0.14794,2.56321,2.24101,1.79717,0.0064855,0.0064855,0.0064855
357,9808.91,1.86767,1.91978,1.62899,0.39184,0.53676,0.44629,0.15349,2.55551,2.23687,1.78955,0.0064756,0.0064756,0.0064756
358,9836.44,1.84583,1.95346,1.64276,0.41846,0.5168,0.43543,0.15037,2.56781,2.20739,1.78832,0.0064657,0.0064657,0.0064657
359,9863.91,1.87076,1.93432,1.63413,0.4734,0.38411,0.41113,0.13943,2.59234,2.26231,1.82164,0.0064558,0.0064558,0.0064558
360,9891.39,1.83333,1.91016,1.60945,0.56943,0.43578,0.42322,0.1474,2.56747,2.25628,1.81069,0.0064459,0.0064459,0.0064459
361,9918.75,1.86861,1.8723,1.62345,0.52964,0.44802,0.43443,0.14584,2.59214,2.2628,1.79777,0.006436,0.006436,0.006436
362,9946.69,1.80988,1.89137,1.60522,0.4563,0.49358,0.41156,0.14343,2.58388,2.28191,1.78786,0.0064261,0.0064261,0.0064261
363,9974.66,1.83766,1.92323,1.62805,0.48129,0.51374,0.44022,0.15032,2.56911,2.24353,1.79667,0.0064162,0.0064162,0.0064162
364,10002.2,1.80491,1.85667,1.59932,0.3871,0.525,0.42837,0.1484,2.56819,2.19932,1.77689,0.0064063,0.0064063,0.0064063
365,10029.8,1.80971,1.88863,1.64799,0.39061,0.49671,0.41736,0.14024,2.61059,2.20543,1.7901,0.0063964,0.0063964,0.0063964
366,10057.2,1.84169,1.93021,1.59952,0.4442,0.51839,0.42323,0.14539,2.59058,2.20093,1.80585,0.0063865,0.0063865,0.0063865
367,10085.3,1.81907,1.89485,1.62523,0.41995,0.48489,0.42386,0.14815,2.60164,2.23066,1.8118,0.0063766,0.0063766,0.0063766
368,10112.8,1.85642,1.89515,1.61863,0.40264,0.52098,0.43363,0.15797,2.57341,2.19664,1.78066,0.0063667,0.0063667,0.0063667
369,10140.6,1.80778,1.87236,1.60712,0.55846,0.4073,0.42472,0.15515,2.60487,2.22742,1.80192,0.0063568,0.0063568,0.0063568
370,10168.1,1.80951,1.83458,1.59887,0.52362,0.40255,0.41732,0.15599,2.5891,2.20744,1.78948,0.0063469,0.0063469,0.0063469
371,10195.5,1.8536,1.85136,1.61462,0.43898,0.49451,0.43275,0.15146,2.60314,2.22599,1.8127,0.006337,0.006337,0.006337
372,10223,1.79431,1.8456,1.59122,0.4121,0.50741,0.43498,0.15275,2.60285,2.21955,1.80177,0.0063271,0.0063271,0.0063271
373,10251.2,1.80319,1.78496,1.56516,0.56696,0.4219,0.42429,0.15188,2.55139,2.23185,1.78776,0.0063172,0.0063172,0.0063172
374,10278.8,1.82751,1.84193,1.59916,0.46089,0.4702,0.43039,0.15181,2.57428,2.19573,1.79958,0.0063073,0.0063073,0.0063073
375,10306.8,1.81683,1.82965,1.57904,0.47255,0.42545,0.39832,0.14324,2.62031,2.20935,1.83026,0.0062974,0.0062974,0.0062974
376,10334.2,1.82557,1.87902,1.60062,0.48052,0.44091,0.41636,0.14331,2.59045,2.24889,1.81008,0.0062875,0.0062875,0.0062875
377,10361.7,1.8324,1.85687,1.62831,0.52362,0.48853,0.47098,0.16679,2.60063,2.23211,1.80276,0.0062776,0.0062776,0.0062776
378,10389.2,1.84411,1.90097,1.57633,0.56808,0.4314,0.44722,0.15739,2.60004,2.20912,1.81318,0.0062677,0.0062677,0.0062677
379,10417.3,1.85185,1.87994,1.62789,0.43137,0.49105,0.44165,0.15922,2.56731,2.23368,1.78752,0.0062578,0.0062578,0.0062578
380,10444.9,1.78795,1.8128,1.59005,0.4437,0.45734,0.40547,0.15172,2.57711,2.27733,1.79747,0.0062479,0.0062479,0.0062479
381,10472.8,1.79853,1.88737,1.63142,0.38944,0.5166,0.42155,0.15546,2.58493,2.25908,1.80071,0.006238,0.006238,0.006238
382,10500.2,1.80753,1.84492,1.60269,0.51858,0.46308,0.43326,0.15347,2.60715,2.21968,1.8332,0.0062281,0.0062281,0.0062281
383,10527.6,1.80809,1.8761,1.60665,0.49606,0.44794,0.44943,0.15729,2.59921,2.25145,1.81764,0.0062182,0.0062182,0.0062182
384,10555.1,1.7917,1.82142,1.60244,0.58072,0.4549,0.45953,0.16292,2.58488,2.26842,1.81302,0.0062083,0.0062083,0.0062083
385,10583.2,1.80113,1.81951,1.58404,0.51098,0.45398,0.4685,0.1606,2.58843,2.26477,1.79614,0.0061984,0.0061984,0.0061984
386,10610.7,1.82453,1.82384,1.5985,0.42716,0.53842,0.47344,0.15809,2.58807,2.23161,1.79178,0.0061885,0.0061885,0.0061885
387,10638.7,1.82431,1.85811,1.58856,0.5998,0.4398,0.43764,0.15151,2.59504,2.21722,1.80848,0.0061786,0.0061786,0.0061786
388,10666.1,1.83279,1.8599,1.59209,0.48733,0.50772,0.44766,0.16127,2.57984,2.22477,1.79259,0.0061687,0.0061687,0.0061687
389,10693.6,1.83691,1.90682,1.60381,0.43148,0.49128,0.42571,0.15168,2.61551,2.26157,1.80482,0.0061588,0.0061588,0.0061588
390,10721,1.82266,1.88058,1.57696,0.44763,0.44116,0.40986,0.14809,2.58961,2.27622,1.80236,0.0061489,0.0061489,0.0061489
391,10749.1,1.78273,1.78735,1.5798,0.48782,0.47477,0.41841,0.14964,2.58721,2.24079,1.78736,0.006139,0.006139,0.006139
392,10776.6,1.78776,1.87525,1.59134,0.46572,0.48601,0.42693,0.15258,2.58578,2.29996,1.80068,0.0061291,0.0061291,0.0061291
393,10804.6,1.77755,1.84327,1.57473,0.48528,0.48121,0.43258,0.15846,2.562,2.24145,1.80432,0.0061192,0.0061192,0.0061192
394,10832,1.81048,1.8602,1.58896,0.48292,0.50124,0.42334,0.15967,2.55272,2.18046,1.80152,0.0061093,0.0061093,0.0061093
395,10859.4,1.79259,1.79729,1.57931,0.51221,0.43946,0.42188,0.15816,2.53156,2.17185,1.79189,0.0060994,0.0060994,0.0060994
396,10886.8,1.77058,1.82769,1.57473,0.48557,0.48525,0.43378,0.15859,2.55627,2.19449,1.7973,0.0060895,0.0060895,0.0060895
397,10915,1.81077,1.88728,1.59364,0.57076,0.49857,0.465,0.15905,2.58084,2.24618,1.82059,0.0060796,0.0060796,0.0060796
398,10942.6,1.76912,1.81468,1.569,0.59303,0.46969,0.4694,0.16076,2.5767,2.26655,1.81122,0.0060697,0.0060697,0.0060697
399,10970.5,1.79225,1.85453,1.57045,0.51648,0.50379,0.43151,0.15557,2.57609,2.23943,1.80872,0.0060598,0.0060598,0.0060598
400,10997.9,1.80584,1.88621,1.59824,0.54699,0.45714,0.4613,0.16398,2.55644,2.21122,1.78297,0.0060499,0.0060499,0.0060499
401,11025.4,1.79206,1.78529,1.5722,0.40841,0.53667,0.48226,0.16503,2.5548,2.15192,1.78429,0.00604,0.00604,0.00604
402,11053,1.81619,1.86967,1.61139,0.45984,0.50044,0.45671,0.16194,2.57169,2.15815,1.79529,0.0060301,0.0060301,0.0060301
403,11081.1,1.74648,1.80044,1.58405,0.49036,0.47126,0.41345,0.15802,2.54308,2.16527,1.78234,0.0060202,0.0060202,0.0060202
404,11108.7,1.7325,1.74075,1.57405,0.48515,0.46742,0.43955,0.16289,2.54363,2.1883,1.75497,0.0060103,0.0060103,0.0060103
405,11136.6,1.79195,1.82018,1.5609,0.52611,0.48676,0.44946,0.16366,2.56615,2.23504,1.80109,0.0060004,0.0060004,0.0060004
406,11164.1,1.81288,1.8325,1.59304,0.57434,0.43434,0.45198,0.15947,2.55498,2.19899,1.79635,0.0059905,0.0059905,0.0059905
407,11191.6,1.75158,1.75579,1.55426,0.56854,0.42146,0.46443,0.15792,2.55125,2.18083,1.79945,0.0059806,0.0059806,0.0059806
408,11219,1.81349,1.93566,1.619,0.4434,0.48674,0.45757,0.16448,2.55412,2.18601,1.8082,0.0059707,0.0059707,0.0059707
409,11247,1.73951,1.81434,1.58369,0.48477,0.47023,0.42355,0.15753,2.53283,2.18348,1.79216,0.0059608,0.0059608,0.0059608
410,11274.7,1.762,1.79839,1.57691,0.41809,0.51534,0.41819,0.14881,2.5542,2.21727,1.80811,0.0059509,0.0059509,0.0059509
411,11302.6,1.81542,1.79899,1.57708,0.45336,0.48166,0.44361,0.1594,2.57356,2.21609,1.81287,0.005941,0.005941,0.005941
412,11330,1.82267,1.90212,1.56962,0.51688,0.45787,0.44993,0.15758,2.58975,2.21599,1.81632,0.0059311,0.0059311,0.0059311
413,11357.5,1.74737,1.78047,1.58213,0.4857,0.45925,0.45621,0.15265,2.56483,2.19245,1.80984,0.0059212,0.0059212,0.0059212
414,11384.9,1.78476,1.8061,1.60352,0.49066,0.45239,0.42489,0.14718,2.56287,2.1712,1.8094,0.0059113,0.0059113,0.0059113
415,11413,1.74517,1.75639,1.54291,0.50462,0.42114,0.42629,0.15479,2.5517,2.13649,1.80676,0.0059014,0.0059014,0.0059014
416,11440.6,1.8006,1.85733,1.60516,0.50454,0.47997,0.4403,0.15218,2.57145,2.18312,1.81148,0.0058915,0.0058915,0.0058915
417,11468.5,1.78546,1.86233,1.57719,0.56142,0.42799,0.43707,0.15375,2.5679,2.22634,1.81325,0.0058816,0.0058816,0.0058816
418,11496,1.78054,1.80141,1.57657,0.522,0.45744,0.4279,0.15834,2.55726,2.20546,1.79843,0.0058717,0.0058717,0.0058717
419,11523.5,1.78314,1.8238,1.56787,0.46059,0.45314,0.42815,0.15881,2.55665,2.19394,1.79979,0.0058618,0.0058618,0.0058618
420,11551,1.75921,1.74602,1.56687,0.45378,0.481,0.42427,0.15659,2.56355,2.21931,1.80691,0.0058519,0.0058519,0.0058519
421,11579,1.78785,1.80725,1.58613,0.4937,0.47517,0.42654,0.15093,2.59788,2.23362,1.81693,0.005842,0.005842,0.005842
422,11606.6,1.78811,1.83097,1.58626,0.49478,0.45975,0.43389,0.1491,2.56298,2.18741,1.78747,0.0058321,0.0058321,0.0058321
423,11634.6,1.77856,1.77767,1.57262,0.51581,0.43433,0.42786,0.15191,2.54402,2.2012,1.79589,0.0058222,0.0058222,0.0058222
424,11662.1,1.76376,1.77075,1.5533,0.50827,0.46716,0.42921,0.1576,2.53097,2.18161,1.77849,0.0058123,0.0058123,0.0058123
425,11689.6,1.7563,1.7241,1.54401,0.52689,0.46895,0.44261,0.15608,2.56084,2.20222,1.79234,0.0058024,0.0058024,0.0058024
426,11717.2,1.74556,1.76533,1.56733,0.54144,0.49003,0.45323,0.15594,2.59241,2.20789,1.82057,0.0057925,0.0057925,0.0057925
427,11745.3,1.76834,1.82692,1.57318,0.45634,0.49582,0.43215,0.1507,2.5891,2.2107,1.81714,0.0057826,0.0057826,0.0057826
428,11772.9,1.76697,1.74281,1.54756,0.47496,0.46628,0.43351,0.15151,2.57292,2.19367,1.80117,0.0057727,0.0057727,0.0057727
429,11800.8,1.76014,1.78405,1.56227,0.48426,0.44935,0.45052,0.15926,2.57404,2.17801,1.80601,0.0057628,0.0057628,0.0057628
430,11828.3,1.77559,1.77992,1.58005,0.43482,0.50645,0.42096,0.15585,2.57183,2.15743,1.81626,0.0057529,0.0057529,0.0057529
431,11855.7,1.75166,1.75955,1.56525,0.5794,0.48537,0.44423,0.15248,2.57772,2.17049,1.81548,0.005743,0.005743,0.005743
432,11883.1,1.73727,1.73086,1.58706,0.5473,0.49864,0.47184,0.16907,2.58198,2.21956,1.81859,0.0057331,0.0057331,0.0057331
433,11911.2,1.71916,1.75038,1.54212,0.55874,0.4247,0.45603,0.1632,2.5763,2.21342,1.8211,0.0057232,0.0057232,0.0057232
434,11938.8,1.7798,1.74754,1.57027,0.52288,0.49068,0.44273,0.15747,2.55494,2.19206,1.80273,0.0057133,0.0057133,0.0057133
435,11966.6,1.72713,1.71398,1.54367,0.6151,0.44824,0.46123,0.15749,2.56299,2.16867,1.80096,0.0057034,0.0057034,0.0057034
436,11994.2,1.7409,1.75689,1.55376,0.51795,0.47742,0.43439,0.14925,2.58306,2.19686,1.80569,0.0056935,0.0056935,0.0056935
437,12021.6,1.70155,1.66195,1.56208,0.41594,0.53497,0.4502,0.14662,2.56765,2.21827,1.81204,0.0056836,0.0056836,0.0056836
438,12049,1.73843,1.74778,1.56397,0.53068,0.40031,0.46031,0.15726,2.5808,2.24192,1.81935,0.0056737,0.0056737,0.0056737
439,12077.1,1.74856,1.6962,1.55489,0.48169,0.4344,0.42614,0.15295,2.58634,2.21795,1.81722,0.0056638,0.0056638,0.0056638
440,12104.6,1.71997,1.71484,1.53975,0.49887,0.47913,0.43439,0.15317,2.56779,2.18266,1.81458,0.0056539,0.0056539,0.0056539
441,12132.5,1.72429,1.7417,1.53519,0.55561,0.45813,0.45676,0.15904,2.59652,2.17434,1.83426,0.005644,0.005644,0.005644
442,12160,1.74869,1.7554,1.56081,0.45028,0.49453,0.44395,0.15503,2.58952,2.18471,1.81863,0.0056341,0.0056341,0.0056341
443,12187.5,1.73893,1.766,1.56289,0.51315,0.46571,0.42461,0.14783,2.58331,2.23059,1.82156,0.0056242,0.0056242,0.0056242
444,12215,1.75566,1.69802,1.55502,0.49534,0.49721,0.42879,0.14452,2.58664,2.21953,1.81077,0.0056143,0.0056143,0.0056143
445,12243.3,1.75886,1.74003,1.5521,0.46756,0.53229,0.43992,0.15552,2.6011,2.21332,1.82461,0.0056044,0.0056044,0.0056044
446,12270.9,1.73428,1.7588,1.58211,0.49413,0.51222,0.44129,0.1573,2.58696,2.24053,1.79856,0.0055945,0.0055945,0.0055945
447,12298.8,1.72031,1.74351,1.55502,0.40898,0.56493,0.44665,0.15581,2.60603,2.22058,1.81635,0.0055846,0.0055846,0.0055846
448,12326.2,1.72006,1.73611,1.5287,0.45683,0.48854,0.4468,0.1584,2.56029,2.15378,1.79743,0.0055747,0.0055747,0.0055747
449,12353.8,1.75583,1.71684,1.56689,0.57549,0.46138,0.45978,0.15987,2.56695,2.16851,1.80453,0.0055648,0.0055648,0.0055648
450,12381.5,1.72811,1.73269,1.54329,0.58277,0.44136,0.4641,0.16668,2.5751,2.13116,1.81937,0.0055549,0.0055549,0.0055549
451,12409.6,1.70028,1.68743,1.55055,0.46914,0.47045,0.43633,0.15692,2.5997,2.18137,1.83024,0.005545,0.005545,0.005545
452,12437.3,1.74163,1.71563,1.53447,0.52213,0.44945,0.41822,0.15313,2.5786,2.1877,1.81021,0.0055351,0.0055351,0.0055351
453,12465.3,1.76353,1.75016,1.56612,0.44744,0.51517,0.42423,0.15503,2.6097,2.2047,1.81648,0.0055252,0.0055252,0.0055252
454,12492.9,1.72409,1.69363,1.5336,0.41219,0.50108,0.42608,0.15881,2.57995,2.16469,1.81343,0.0055153,0.0055153,0.0055153
455,12520.6,1.72129,1.68799,1.55262,0.49305,0.47865,0.42682,0.15705,2.56195,2.18988,1.79426,0.0055054,0.0055054,0.0055054
456,12548.1,1.74041,1.75358,1.55256,0.56662,0.44768,0.43461,0.14959,2.55426,2.13475,1.78103,0.0054955,0.0054955,0.0054955
457,12576.3,1.72424,1.69655,1.54623,0.53217,0.449,0.4212,0.1436,2.57592,2.19492,1.79667,0.0054856,0.0054856,0.0054856
458,12603.9,1.73071,1.75701,1.56391,0.48402,0.47434,0.43319,0.14971,2.58145,2.16903,1.80361,0.0054757,0.0054757,0.0054757
459,12631.8,1.74442,1.7731,1.54588,0.56907,0.45556,0.45402,0.15377,2.57299,2.16931,1.80459,0.0054658,0.0054658,0.0054658
460,12659.2,1.7446,1.73684,1.54196,0.45509,0.49881,0.44146,0.15592,2.56944,2.14987,1.78996,0.0054559,0.0054559,0.0054559
461,12686.6,1.72326,1.72448,1.54104,0.48972,0.51219,0.4482,0.15697,2.56632,2.14646,1.7904,0.005446,0.005446,0.005446
462,12714.1,1.71552,1.74098,1.55906,0.49171,0.48868,0.45307,0.15856,2.5649,2.17173,1.79739,0.0054361,0.0054361,0.0054361
463,12742.2,1.71993,1.67985,1.52024,0.50993,0.50634,0.44458,0.15947,2.55854,2.14495,1.79268,0.0054262,0.0054262,0.0054262
464,12769.8,1.73886,1.74104,1.52677,0.51402,0.51238,0.44579,0.16296,2.54935,2.16599,1.78285,0.0054163,0.0054163,0.0054163
465,12797.8,1.71626,1.71413,1.5371,0.55076,0.50878,0.45704,0.15975,2.57157,2.17845,1.79248,0.0054064,0.0054064,0.0054064
466,12825.4,1.70886,1.70814,1.53257,0.48693,0.52577,0.45374,0.16309,2.55792,2.17858,1.79299,0.0053965,0.0053965,0.0053965
467,12852.8,1.72136,1.72576,1.53475,0.58182,0.50011,0.47012,0.16334,2.57202,2.17148,1.79356,0.0053866,0.0053866,0.0053866
468,12880.3,1.73176,1.7292,1.55855,0.55515,0.47514,0.4517,0.16121,2.56956,2.14882,1.8046,0.0053767,0.0053767,0.0053767
469,12908.4,1.73174,1.71134,1.53389,0.50475,0.49908,0.44152,0.157,2.60225,2.17495,1.82775,0.0053668,0.0053668,0.0053668
470,12936,1.70556,1.65299,1.52678,0.57259,0.45352,0.45153,0.15706,2.58538,2.18853,1.82511,0.0053569,0.0053569,0.0053569
471,12964.1,1.74775,1.77292,1.53288,0.44617,0.52099,0.43988,0.1521,2.60112,2.20547,1.8278,0.005347,0.005347,0.005347
472,12991.5,1.74154,1.73736,1.53792,0.49842,0.50849,0.44218,0.15834,2.60358,2.19397,1.82268,0.0053371,0.0053371,0.0053371
473,13018.9,1.743,1.70191,1.53561,0.53178,0.48502,0.44717,0.15963,2.59458,2.20376,1.81487,0.0053272,0.0053272,0.0053272
474,13046.5,1.705,1.68814,1.52975,0.49722,0.4891,0.42944,0.15509,2.55881,2.17328,1.79532,0.0053173,0.0053173,0.0053173
475,13074.6,1.77031,1.78137,1.55481,0.53306,0.46037,0.43636,0.15989,2.56405,2.18415,1.80786,0.0053074,0.0053074,0.0053074
476,13102.2,1.72815,1.73701,1.53404,0.51092,0.48128,0.44514,0.15698,2.57505,2.23228,1.82048,0.0052975,0.0052975,0.0052975
477,13130,1.68447,1.64613,1.52951,0.45644,0.51457,0.41167,0.14775,2.58731,2.22699,1.8255,0.0052876,0.0052876,0.0052876
478,13157.5,1.7045,1.70388,1.52794,0.51663,0.48787,0.42593,0.15301,2.56688,2.16033,1.80534,0.0052777,0.0052777,0.0052777
479,13184.9,1.69204,1.68554,1.51107,0.50079,0.46987,0.4464,0.1576,2.54914,2.16261,1.7918,0.0052678,0.0052678,0.0052678
480,13212.4,1.74005,1.71267,1.54088,0.44867,0.5176,0.44792,0.15656,2.53529,2.13079,1.77589,0.0052579,0.0052579,0.0052579
481,13240.5,1.72106,1.71068,1.55066,0.47196,0.51174,0.44289,0.15403,2.54855,2.16693,1.78067,0.005248,0.005248,0.005248
482,13268.1,1.66883,1.70529,1.5194,0.52197,0.4897,0.46244,0.16072,2.55789,2.18095,1.77347,0.0052381,0.0052381,0.0052381
483,13296,1.68768,1.6291,1.51589,0.45594,0.54478,0.45514,0.16288,2.57128,2.17288,1.78592,0.0052282,0.0052282,0.0052282
484,13323.4,1.69473,1.64188,1.53422,0.46953,0.51119,0.46157,0.15945,2.56336,2.13197,1.77713,0.0052183,0.0052183,0.0052183
485,13350.8,1.69685,1.66319,1.53326,0.49947,0.51673,0.49893,0.16424,2.55932,2.16289,1.78073,0.0052084,0.0052084,0.0052084
486,13378.3,1.6989,1.68074,1.52677,0.52007,0.51876,0.51076,0.16892,2.57964,2.21994,1.7961,0.0051985,0.0051985,0.0051985
487,13406.3,1.70357,1.72691,1.52807,0.65808,0.44406,0.47054,0.16463,2.58576,2.2223,1.80588,0.0051886,0.0051886,0.0051886
488,13433.9,1.69982,1.67037,1.53394,0.55769,0.47685,0.47669,0.1617,2.57934,2.20716,1.80732,0.0051787,0.0051787,0.0051787
489,13461.9,1.71206,1.6713,1.51152,0.51447,0.49589,0.45667,0.16231,2.56285,2.20127,1.81574,0.0051688,0.0051688,0.0051688
490,13489.3,1.6949,1.62462,1.51339,0.42611,0.53347,0.47183,0.17074,2.56824,2.20575,1.80345,0.0051589,0.0051589,0.0051589
491,13516.7,1.69095,1.64305,1.5117,0.53924,0.46013,0.46908,0.17017,2.57706,2.1808,1.8038,0.005149,0.005149,0.005149
492,13544.2,1.69021,1.67957,1.51548,0.5551,0.44951,0.45851,0.1689,2.59053,2.17842,1.80744,0.0051391,0.0051391,0.0051391
493,13572.3,1.69935,1.64813,1.49687,0.576,0.46598,0.45003,0.15822,2.57156,2.16775,1.798,0.0051292,0.0051292,0.0051292
494,13599.9,1.69445,1.71999,1.52718,0.52685,0.46332,0.44813,0.15665,2.57258,2.18451,1.79814,0.0051193,0.0051193,0.0051193
495,13627.9,1.69081,1.70198,1.53366,0.53829,0.48563,0.4654,0.16241,2.57013,2.19511,1.79747,0.0051094,0.0051094,0.0051094
496,13655.3,1.68515,1.66201,1.52881,0.42566,0.55409,0.46146,0.15683,2.5471,2.16362,1.80489,0.0050995,0.0050995,0.0050995
497,13682.7,1.69282,1.68978,1.53032,0.43513,0.54268,0.48473,0.17331,2.54133,2.12642,1.80476,0.0050896,0.0050896,0.0050896
498,13710.1,1.68557,1.64055,1.50556,0.44208,0.54565,0.49027,0.17045,2.53305,2.11772,1.80476,0.0050797,0.0050797,0.0050797
499,13738.1,1.6716,1.72956,1.51427,0.59561,0.4532,0.51148,0.17446,2.54108,2.11828,1.81332,0.0050698,0.0050698,0.0050698
500,13765.7,1.67285,1.61061,1.49593,0.49639,0.51854,0.4895,0.16007,2.54864,2.14982,1.80832,0.0050599,0.0050599,0.0050599
501,13793.6,1.68052,1.67066,1.49569,0.44923,0.54461,0.44688,0.15658,2.54895,2.11264,1.79743,0.00505,0.00505,0.00505
502,13821.1,1.67531,1.61508,1.52679,0.43316,0.54629,0.44555,0.15764,2.5311,2.11985,1.79093,0.0050401,0.0050401,0.0050401
503,13848.5,1.69498,1.66192,1.50255,0.45839,0.50522,0.43212,0.15565,2.52407,2.14148,1.78229,0.0050302,0.0050302,0.0050302
504,13876,1.72801,1.68102,1.53664,0.5066,0.46546,0.43073,0.16246,2.52323,2.14181,1.77006,0.0050203,0.0050203,0.0050203
505,13904,1.71418,1.68384,1.53657,0.5441,0.47726,0.43949,0.16634,2.53266,2.12978,1.77227,0.0050104,0.0050104,0.0050104
506,13931.6,1.67046,1.66665,1.51795,0.53821,0.45453,0.44136,0.15536,2.52579,2.17316,1.78187,0.0050005,0.0050005,0.0050005
507,13959.6,1.70151,1.65036,1.51085,0.43651,0.56353,0.48209,0.1703,2.51533,2.14727,1.78325,0.0049906,0.0049906,0.0049906
508,13987.1,1.69658,1.66799,1.51377,0.41959,0.5772,0.45253,0.15883,2.53571,2.16122,1.79092,0.0049807,0.0049807,0.0049807
509,14014.6,1.67583,1.65647,1.5335,0.45772,0.49465,0.41517,0.14555,2.54796,2.17661,1.81597,0.0049708,0.0049708,0.0049708
510,14042.1,1.64508,1.57102,1.4811,0.44032,0.49991,0.43673,0.15286,2.53819,2.17296,1.80275,0.0049609,0.0049609,0.0049609
511,14070.1,1.67418,1.61826,1.49675,0.47652,0.49263,0.44221,0.15501,2.57681,2.18702,1.80741,0.004951,0.004951,0.004951
512,14097.6,1.67616,1.6425,1.52006,0.46228,0.50873,0.45317,0.16152,2.56603,2.18999,1.80861,0.0049411,0.0049411,0.0049411
513,14125.5,1.68382,1.65369,1.51547,0.53839,0.47385,0.4513,0.16326,2.53637,2.15907,1.77966,0.0049312,0.0049312,0.0049312
514,14153,1.67729,1.64951,1.50335,0.42252,0.53689,0.43845,0.15856,2.54231,2.14281,1.78655,0.0049213,0.0049213,0.0049213
515,14180.4,1.69427,1.69598,1.52456,0.4539,0.53851,0.4415,0.15477,2.54765,2.15241,1.79864,0.0049114,0.0049114,0.0049114
516,14207.9,1.62724,1.6363,1.49448,0.45856,0.48941,0.41598,0.15045,2.55088,2.15113,1.81184,0.0049015,0.0049015,0.0049015
517,14236,1.70218,1.65425,1.51376,0.61744,0.43972,0.44947,0.15707,2.56947,2.14574,1.82412,0.0048916,0.0048916,0.0048916
518,14263.6,1.68989,1.64435,1.54035,0.50345,0.46229,0.44444,0.16052,2.57781,2.15774,1.80387,0.0048817,0.0048817,0.0048817
519,14291.5,1.67117,1.6031,1.49509,0.5896,0.4283,0.43981,0.16215,2.57837,2.16511,1.80734,0.0048718,0.0048718,0.0048718
520,14319,1.65344,1.60524,1.49868,0.53196,0.43893,0.4432,0.16355,2.57472,2.1807,1.80649,0.0048619,0.0048619,0.0048619
521,14346.5,1.67365,1.62402,1.49455,0.51553,0.46374,0.44931,0.15844,2.57233,2.1816,1.81307,0.004852,0.004852,0.004852
522,14373.9,1.64561,1.55052,1.50188,0.55984,0.45727,0.46356,0.16202,2.5671,2.16368,1.82044,0.0048421,0.0048421,0.0048421
523,14402,1.64734,1.63085,1.49872,0.55236,0.43399,0.45402,0.16155,2.57127,2.15139,1.82413,0.0048322,0.0048322,0.0048322
524,14429.5,1.65965,1.61714,1.49041,0.41623,0.54391,0.46031,0.16033,2.57825,2.13741,1.82219,0.0048223,0.0048223,0.0048223
525,14457.3,1.67011,1.6052,1.48297,0.63101,0.4141,0.46843,0.16371,2.5662,2.13848,1.79938,0.0048124,0.0048124,0.0048124
526,14484.7,1.62447,1.58916,1.51789,0.69071,0.42195,0.46629,0.15741,2.56034,2.14481,1.79434,0.0048025,0.0048025,0.0048025
527,14512.2,1.65847,1.59811,1.50943,0.64664,0.41007,0.44568,0.15643,2.57389,2.17328,1.80436,0.0047926,0.0047926,0.0047926
528,14539.7,1.63631,1.58023,1.48661,0.65287,0.40111,0.43931,0.15392,2.56416,2.19479,1.80391,0.0047827,0.0047827,0.0047827
529,14567.7,1.6768,1.61747,1.49667,0.54029,0.48399,0.46203,0.16225,2.55241,2.18505,1.79813,0.0047728,0.0047728,0.0047728
530,14595.3,1.6444,1.61481,1.51824,0.49781,0.50594,0.47928,0.17047,2.53985,2.13,1.79177,0.0047629,0.0047629,0.0047629
531,14623.2,1.64334,1.63811,1.47952,0.4964,0.51681,0.47929,0.17551,2.55159,2.13198,1.78888,0.004753,0.004753,0.004753
532,14650.7,1.62355,1.57007,1.46544,0.4927,0.54472,0.48467,0.17227,2.55548,2.13266,1.79137,0.0047431,0.0047431,0.0047431
533,14678.1,1.66153,1.59357,1.48632,0.52339,0.50158,0.479,0.17235,2.5535,2.14627,1.79983,0.0047332,0.0047332,0.0047332
534,14705.6,1.66901,1.60263,1.50754,0.59678,0.46077,0.47327,0.16964,2.5603,2.16794,1.79877,0.0047233,0.0047233,0.0047233
535,14733.6,1.64111,1.59314,1.47974,0.54865,0.45022,0.45417,0.16833,2.5657,2.15409,1.80863,0.0047134,0.0047134,0.0047134
536,14761.1,1.63466,1.62465,1.50679,0.47785,0.55982,0.45692,0.16694,2.58184,2.15321,1.82802,0.0047035,0.0047035,0.0047035
537,14789,1.59993,1.53512,1.46459,0.44504,0.54184,0.4597,0.16857,2.57069,2.14069,1.82156,0.0046936,0.0046936,0.0046936
538,14816.4,1.68784,1.60324,1.48587,0.42545,0.56411,0.46489,0.16943,2.56969,2.14478,1.81499,0.0046837,0.0046837,0.0046837
539,14843.9,1.65488,1.60113,1.50081,0.49823,0.52464,0.48767,0.16619,2.5603,2.13025,1.80196,0.0046738,0.0046738,0.0046738
540,14871.3,1.61606,1.59352,1.48265,0.51697,0.51421,0.49081,0.16869,2.57194,2.14553,1.80512,0.0046639,0.0046639,0.0046639
541,14899.5,1.6348,1.5704,1.4797,0.58594,0.48048,0.47055,0.16744,2.57807,2.14325,1.81191,0.004654,0.004654,0.004654
542,14927.1,1.66062,1.58847,1.50725,0.60133,0.46562,0.47152,0.1623,2.59209,2.1514,1.82878,0.0046441,0.0046441,0.0046441
543,14955.1,1.69437,1.62442,1.50995,0.51288,0.50863,0.47255,0.17048,2.59124,2.13184,1.82546,0.0046342,0.0046342,0.0046342
544,14982.6,1.64942,1.58053,1.47252,0.54472,0.5021,0.47311,0.17439,2.60313,2.11228,1.82118,0.0046243,0.0046243,0.0046243
545,15010,1.64484,1.64157,1.49117,0.52677,0.50021,0.46597,0.17107,2.59353,2.12521,1.82433,0.0046144,0.0046144,0.0046144
546,15037.5,1.61285,1.56461,1.49694,0.50953,0.5238,0.4774,0.17236,2.58684,2.10609,1.81519,0.0046045,0.0046045,0.0046045
547,15065.6,1.63178,1.6017,1.4979,0.5695,0.50457,0.49192,0.17059,2.57889,2.09639,1.80552,0.0045946,0.0045946,0.0045946
548,15093.2,1.62132,1.60573,1.47664,0.50745,0.5369,0.49857,0.17271,2.57034,2.12758,1.79943,0.0045847,0.0045847,0.0045847
549,15121.1,1.63618,1.56354,1.47198,0.50569,0.54429,0.52368,0.17777,2.58704,2.14255,1.79915,0.0045748,0.0045748,0.0045748
550,15148.6,1.61625,1.56992,1.46685,0.49658,0.55518,0.51555,0.17887,2.57627,2.11938,1.79259,0.0045649,0.0045649,0.0045649
551,15176,1.636,1.59361,1.4679,0.56341,0.51019,0.52095,0.17589,2.56194,2.09446,1.77713,0.004555,0.004555,0.004555
552,15203.4,1.65332,1.58769,1.47767,0.55337,0.51378,0.52146,0.17649,2.57953,2.11333,1.79435,0.0045451,0.0045451,0.0045451
553,15231.6,1.6263,1.5593,1.46656,0.51621,0.54826,0.51304,0.17482,2.58532,2.13589,1.79277,0.0045352,0.0045352,0.0045352
554,15259.2,1.62205,1.54145,1.46314,0.5431,0.5492,0.51838,0.17703,2.58744,2.15247,1.79325,0.0045253,0.0045253,0.0045253
555,15287.2,1.65346,1.56934,1.48731,0.54081,0.52149,0.48415,0.16627,2.58207,2.17847,1.81168,0.0045154,0.0045154,0.0045154
556,15314.7,1.61597,1.56399,1.46997,0.58268,0.4714,0.49006,0.17185,2.5753,2.16767,1.82793,0.0045055,0.0045055,0.0045055
557,15342.1,1.63783,1.58825,1.48483,0.46814,0.54745,0.47747,0.1709,2.5639,2.13904,1.81274,0.0044956,0.0044956,0.0044956
558,15369.6,1.59948,1.58367,1.49316,0.60458,0.48942,0.48409,0.1681,2.5788,2.13452,1.81604,0.0044857,0.0044857,0.0044857
559,15397.6,1.64603,1.55958,1.49334,0.58044,0.44881,0.46891,0.16809,2.57565,2.12573,1.80519,0.0044758,0.0044758,0.0044758
560,15425.2,1.61898,1.55799,1.50396,0.57685,0.48042,0.47379,0.16945,2.5833,2.12176,1.81439,0.0044659,0.0044659,0.0044659
561,15453.1,1.61315,1.52995,1.45011,0.58477,0.46703,0.48033,0.16511,2.58188,2.10654,1.81432,0.004456,0.004456,0.004456
562,15480.5,1.61523,1.57294,1.48617,0.54554,0.50825,0.48082,0.16948,2.59311,2.12209,1.83141,0.0044461,0.0044461,0.0044461
563,15507.9,1.62526,1.56225,1.47795,0.51778,0.50563,0.49305,0.17533,2.58291,2.11235,1.83165,0.0044362,0.0044362,0.0044362
564,15535.3,1.62757,1.52567,1.4434,0.51401,0.55241,0.51865,0.1798,2.56148,2.12882,1.82041,0.0044263,0.0044263,0.0044263
565,15563.4,1.61792,1.5365,1.47408,0.55284,0.55785,0.52094,0.17473,2.55387,2.15247,1.82776,0.0044164,0.0044164,0.0044164
566,15591,1.59387,1.53379,1.47002,0.49607,0.56649,0.48429,0.1687,2.55616,2.16035,1.82601,0.0044065,0.0044065,0.0044065
567,15619,1.65008,1.62969,1.50146,0.44498,0.55486,0.46544,0.16516,2.56183,2.15772,1.83306,0.0043966,0.0043966,0.0043966
568,15646.5,1.65192,1.55134,1.47163,0.47292,0.52085,0.47616,0.16753,2.55957,2.13722,1.81606,0.0043867,0.0043867,0.0043867
569,15673.9,1.63155,1.58383,1.47788,0.4921,0.52033,0.47648,0.1684,2.54475,2.14604,1.81239,0.0043768,0.0043768,0.0043768
570,15701.5,1.59274,1.52533,1.47217,0.50159,0.50559,0.48297,0.16969,2.54477,2.12614,1.81247,0.0043669,0.0043669,0.0043669
571,15729.6,1.6118,1.53493,1.46139,0.52418,0.50331,0.47415,0.17036,2.54618,2.15057,1.81814,0.004357,0.004357,0.004357
572,15757.2,1.6244,1.54331,1.45969,0.47985,0.51286,0.465,0.16929,2.56132,2.15994,1.83365,0.0043471,0.0043471,0.0043471
573,15785.1,1.58657,1.52006,1.47529,0.50452,0.51475,0.47516,0.16711,2.57464,2.14253,1.8261,0.0043372,0.0043372,0.0043372
574,15812.6,1.6248,1.56361,1.47107,0.52602,0.49955,0.46642,0.1688,2.58131,2.14684,1.8207,0.0043273,0.0043273,0.0043273
575,15840,1.59377,1.54189,1.46872,0.53001,0.49533,0.46911,0.16695,2.57667,2.10918,1.81717,0.0043174,0.0043174,0.0043174
576,15867.5,1.63653,1.57693,1.48256,0.54368,0.49983,0.46914,0.16468,2.56992,2.1118,1.81781,0.0043075,0.0043075,0.0043075
577,15895.6,1.58508,1.53647,1.46737,0.49782,0.53039,0.46815,0.16544,2.57122,2.11907,1.82159,0.0042976,0.0042976,0.0042976
578,15923.2,1.6066,1.51833,1.45922,0.54952,0.49522,0.46664,0.16708,2.56556,2.13769,1.81978,0.0042877,0.0042877,0.0042877
579,15951.1,1.61374,1.57252,1.47545,0.54464,0.49324,0.47201,0.16711,2.55186,2.12928,1.80642,0.0042778,0.0042778,0.0042778
580,15978.8,1.62557,1.51222,1.45627,0.51638,0.49327,0.4611,0.15943,2.56305,2.11942,1.8036,0.0042679,0.0042679,0.0042679
581,16006.2,1.62164,1.5788,1.47259,0.47718,0.52168,0.4748,0.1577,2.58069,2.12429,1.80039,0.004258,0.004258,0.004258
582,16033.7,1.61254,1.50792,1.4659,0.50654,0.49227,0.46844,0.15788,2.57081,2.14445,1.80226,0.0042481,0.0042481,0.0042481
583,16061.8,1.57608,1.53658,1.45543,0.55783,0.47599,0.4609,0.15525,2.55719,2.15099,1.80205,0.0042382,0.0042382,0.0042382
584,16089.4,1.61491,1.5085,1.43989,0.53538,0.50457,0.43799,0.15138,2.55678,2.14721,1.80595,0.0042283,0.0042283,0.0042283
585,16117.3,1.60926,1.54309,1.47036,0.55476,0.50294,0.4533,0.15113,2.54607,2.12524,1.79741,0.0042184,0.0042184,0.0042184
586,16144.7,1.55806,1.51027,1.46429,0.57132,0.51408,0.45646,0.15315,2.53781,2.13767,1.79534,0.0042085,0.0042085,0.0042085
587,16172.2,1.61238,1.52003,1.47044,0.50937,0.50994,0.44946,0.15123,2.54243,2.16426,1.79097,0.0041986,0.0041986,0.0041986
588,16199.7,1.61575,1.52242,1.47369,0.49878,0.50344,0.45198,0.1536,2.5412,2.19199,1.78191,0.0041887,0.0041887,0.0041887
589,16227.8,1.61557,1.55437,1.46209,0.55732,0.47397,0.45952,0.16331,2.5437,2.20401,1.79198,0.0041788,0.0041788,0.0041788
590,16255.4,1.57259,1.48649,1.44422,0.55374,0.48427,0.49773,0.16947,2.55294,2.19975,1.8001,0.0041689,0.0041689,0.0041689
591,16283.3,1.58367,1.51846,1.44174,0.51334,0.52877,0.49248,0.16623,2.55486,2.19316,1.81093,0.004159,0.004159,0.004159
592,16310.8,1.60671,1.54586,1.48457,0.5381,0.52855,0.49713,0.1687,2.55371,2.19139,1.80835,0.0041491,0.0041491,0.0041491
593,16338.2,1.59623,1.56259,1.46589,0.482,0.5302,0.49119,0.16596,2.56617,2.19512,1.82172,0.0041392,0.0041392,0.0041392
594,16365.7,1.57297,1.48064,1.45085,0.51952,0.51872,0.47124,0.16659,2.56412,2.19145,1.82072,0.0041293,0.0041293,0.0041293
595,16393.8,1.62383,1.57554,1.47113,0.51241,0.51122,0.47124,0.16197,2.56464,2.16606,1.82217,0.0041194,0.0041194,0.0041194
596,16421.4,1.60487,1.53138,1.44914,0.51664,0.51824,0.45447,0.16256,2.55734,2.17102,1.8178,0.0041095,0.0041095,0.0041095
597,16449.4,1.59078,1.51981,1.45113,0.51136,0.51649,0.45462,0.16075,2.5562,2.16931,1.82171,0.0040996,0.0040996,0.0040996
598,16476.9,1.59526,1.56469,1.46941,0.53183,0.54554,0.49203,0.16606,2.56704,2.16369,1.82213,0.0040897,0.0040897,0.0040897
599,16504.4,1.59443,1.50481,1.45129,0.54896,0.51981,0.49292,0.16546,2.58515,2.16034,1.83124,0.0040798,0.0040798,0.0040798
600,16531.8,1.60333,1.52171,1.45247,0.57211,0.50726,0.48518,0.1627,2.59931,2.15642,1.83072,0.0040699,0.0040699,0.0040699
601,16559.9,1.6077,1.48339,1.4682,0.48144,0.55701,0.4757,0.16594,2.60594,2.16928,1.83587,0.00406,0.00406,0.00406
602,16587.5,1.57606,1.52012,1.45964,0.56035,0.5071,0.48736,0.1735,2.57394,2.15031,1.82341,0.0040501,0.0040501,0.0040501
603,16615.3,1.57767,1.46547,1.45374,0.57287,0.51725,0.48265,0.17189,2.57208,2.16922,1.81623,0.0040402,0.0040402,0.0040402
604,16642.8,1.57056,1.51304,1.46467,0.57835,0.52879,0.49333,0.17114,2.55545,2.14051,1.80659,0.0040303,0.0040303,0.0040303
605,16670.3,1.57222,1.47502,1.44574,0.58848,0.51725,0.50175,0.17478,2.56945,2.13786,1.81835,0.0040204,0.0040204,0.0040204
606,16697.8,1.54887,1.49807,1.4414,0.53999,0.54275,0.49607,0.17368,2.56458,2.15079,1.81789,0.0040105,0.0040105,0.0040105
607,16725.8,1.6052,1.53714,1.44293,0.63543,0.49306,0.48846,0.16914,2.56975,2.15547,1.8246,0.0040006,0.0040006,0.0040006
608,16753.4,1.56202,1.4834,1.46661,0.64598,0.47892,0.49265,0.17154,2.56457,2.18157,1.82392,0.0039907,0.0039907,0.0039907
609,16781.3,1.57082,1.50579,1.44058,0.65187,0.49792,0.50286,0.1739,2.56772,2.15476,1.81567,0.0039808,0.0039808,0.0039808
610,16808.7,1.57105,1.48335,1.44123,0.63611,0.47267,0.49239,0.1752,2.56973,2.1628,1.81107,0.0039709,0.0039709,0.0039709
611,16836.2,1.55607,1.49549,1.46049,0.65073,0.46995,0.48656,0.16977,2.57165,2.14793,1.81227,0.003961,0.003961,0.003961
612,16863.7,1.6025,1.51394,1.44096,0.55354,0.48842,0.47397,0.16566,2.57455,2.13404,1.81445,0.0039511,0.0039511,0.0039511
613,16891.8,1.59256,1.48334,1.44789,0.53135,0.4808,0.46821,0.16459,2.58757,2.14536,1.83479,0.0039412,0.0039412,0.0039412
614,16919.4,1.58961,1.48717,1.45328,0.58411,0.47493,0.46704,0.16555,2.60102,2.16804,1.84218,0.0039313,0.0039313,0.0039313
615,16947.3,1.55485,1.43393,1.42655,0.58244,0.48104,0.46626,0.16391,2.5916,2.18242,1.83349,0.0039214,0.0039214,0.0039214
616,16974.4,1.57024,1.43408,1.4294,0.57548,0.48395,0.45751,0.15871,2.5961,2.20234,1.83897,0.0039115,0.0039115,0.0039115
617,17001.2,1.56854,1.4888,1.46592,0.57739,0.45663,0.45696,0.15685,2.59276,2.19607,1.83278,0.0039016,0.0039016,0.0039016
618,17028.2,1.55697,1.49029,1.4428,0.5568,0.48352,0.47047,0.1597,2.58638,2.17356,1.82697,0.0038917,0.0038917,0.0038917
619,17055.2,1.56391,1.48184,1.43751,0.54493,0.50388,0.47479,0.16236,2.58782,2.17521,1.83356,0.0038818,0.0038818,0.0038818
620,17082.1,1.56609,1.49763,1.46032,0.53939,0.51556,0.47235,0.16343,2.59467,2.18955,1.832,0.0038719,0.0038719,0.0038719
621,17109,1.56373,1.46833,1.45529,0.55547,0.51227,0.47472,0.16316,2.58884,2.18686,1.83794,0.003862,0.003862,0.003862
622,17136,1.54815,1.45452,1.44005,0.57417,0.49037,0.47724,0.16209,2.5974,2.181,1.83754,0.0038521,0.0038521,0.0038521
623,17163,1.56824,1.52646,1.45606,0.57318,0.49214,0.47245,0.16164,2.59109,2.16559,1.83889,0.0038422,0.0038422,0.0038422
624,17189.9,1.55555,1.51964,1.44239,0.61228,0.47127,0.47385,0.16505,2.58376,2.16651,1.83389,0.0038323,0.0038323,0.0038323
625,17217.2,1.55533,1.48071,1.44792,0.59727,0.48707,0.47985,0.16418,2.5792,2.14867,1.82899,0.0038224,0.0038224,0.0038224
626,17244.6,1.54258,1.43357,1.44056,0.57663,0.48555,0.47043,0.16014,2.58847,2.14679,1.8348,0.0038125,0.0038125,0.0038125
627,17271.8,1.54767,1.47101,1.42753,0.54379,0.49104,0.48036,0.17015,2.58813,2.15328,1.83269,0.0038026,0.0038026,0.0038026
628,17298.9,1.57191,1.51978,1.45339,0.55743,0.48727,0.48607,0.1711,2.59625,2.1512,1.83664,0.0037927,0.0037927,0.0037927
629,17325.8,1.53416,1.47564,1.42389,0.5393,0.49469,0.49163,0.1671,2.5758,2.13781,1.83064,0.0037828,0.0037828,0.0037828
630,17352.7,1.58746,1.48288,1.44151,0.52086,0.49907,0.48697,0.16924,2.5822,2.14697,1.82545,0.0037729,0.0037729,0.0037729
631,17379.6,1.56538,1.46459,1.44121,0.5262,0.50144,0.4963,0.16998,2.58463,2.14768,1.83235,0.003763,0.003763,0.003763
632,17406.6,1.54483,1.47766,1.42506,0.54088,0.50413,0.48917,0.16551,2.59082,2.14618,1.83345,0.0037531,0.0037531,0.0037531
633,17433.5,1.53493,1.4383,1.40552,0.50903,0.517,0.48068,0.16341,2.58514,2.1447,1.83472,0.0037432,0.0037432,0.0037432
634,17460.5,1.54415,1.44478,1.44079,0.50973,0.50421,0.47021,0.16347,2.56901,2.12504,1.82553,0.0037333,0.0037333,0.0037333
635,17487.4,1.55105,1.45968,1.42407,0.52111,0.53618,0.48955,0.16701,2.57082,2.11718,1.82574,0.0037234,0.0037234,0.0037234
636,17514.5,1.5542,1.4458,1.41691,0.5902,0.48253,0.47736,0.1657,2.57332,2.14472,1.82682,0.0037135,0.0037135,0.0037135
637,17541.5,1.53336,1.41148,1.40044,0.54706,0.49218,0.47529,0.1673,2.57347,2.12507,1.82019,0.0037036,0.0037036,0.0037036
638,17568.6,1.51716,1.4042,1.4223,0.57148,0.47266,0.47647,0.16782,2.56883,2.11551,1.82259,0.0036937,0.0036937,0.0036937
639,17595.6,1.56322,1.48707,1.42502,0.55902,0.49127,0.47286,0.16256,2.55984,2.11512,1.81955,0.0036838,0.0036838,0.0036838
640,17622.5,1.51866,1.38178,1.41248,0.52915,0.48833,0.4546,0.16369,2.56239,2.1271,1.81857,0.0036739,0.0036739,0.0036739
641,17649.5,1.557,1.47418,1.43642,0.54052,0.49582,0.45544,0.15951,2.56533,2.14621,1.82191,0.003664,0.003664,0.003664
642,17676.4,1.52732,1.44699,1.42367,0.58128,0.48284,0.46017,0.16269,2.55831,2.15887,1.81357,0.0036541,0.0036541,0.0036541
643,17703.3,1.55884,1.4663,1.44193,0.60433,0.48629,0.48352,0.16344,2.55301,2.15835,1.81181,0.0036442,0.0036442,0.0036442
644,17730.3,1.55226,1.44605,1.42286,0.65266,0.46792,0.49061,0.16326,2.55188,2.14976,1.80806,0.0036343,0.0036343,0.0036343
645,17757.2,1.52329,1.41166,1.41519,0.63937,0.49877,0.49485,0.1668,2.55437,2.16897,1.81144,0.0036244,0.0036244,0.0036244
646,17784.1,1.55135,1.46924,1.43409,0.5606,0.47981,0.4543,0.16104,2.56048,2.17519,1.82049,0.0036145,0.0036145,0.0036145
647,17811,1.55448,1.53368,1.45316,0.56749,0.49228,0.46569,0.16457,2.55573,2.17765,1.82929,0.0036046,0.0036046,0.0036046
648,17838,1.56117,1.49802,1.44192,0.5546,0.50491,0.48832,0.16642,2.5562,2.15402,1.82291,0.0035947,0.0035947,0.0035947
649,17864.9,1.52944,1.46366,1.43718,0.56643,0.51213,0.5032,0.16975,2.54741,2.14638,1.82255,0.0035848,0.0035848,0.0035848
650,17892,1.52083,1.41673,1.41676,0.56618,0.51067,0.50537,0.17208,2.55599,2.1462,1.83084,0.0035749,0.0035749,0.0035749
651,17919.1,1.5618,1.46099,1.4269,0.5619,0.51891,0.50833,0.17619,2.55554,2.14737,1.83026,0.003565,0.003565,0.003565
652,17946.2,1.55914,1.46591,1.40505,0.54552,0.51934,0.47459,0.16841,2.555,2.15294,1.83172,0.0035551,0.0035551,0.0035551
653,17973.1,1.56701,1.48771,1.42516,0.53252,0.5239,0.46786,0.16926,2.55337,2.14839,1.82375,0.0035452,0.0035452,0.0035452
654,18000.1,1.55613,1.45181,1.41919,0.54249,0.49738,0.46468,0.17095,2.56219,2.17362,1.83233,0.0035353,0.0035353,0.0035353
655,18027,1.5453,1.45057,1.42515,0.52567,0.49439,0.47408,0.17056,2.56698,2.18836,1.83519,0.0035254,0.0035254,0.0035254
656,18053.9,1.54526,1.4601,1.41672,0.58938,0.48617,0.48927,0.17314,2.57298,2.19358,1.83969,0.0035155,0.0035155,0.0035155
657,18080.7,1.53339,1.47783,1.44106,0.57914,0.48467,0.4878,0.17106,2.56663,2.1939,1.84506,0.0035056,0.0035056,0.0035056
658,18107.7,1.55374,1.45721,1.43886,0.51675,0.49897,0.48126,0.17414,2.55848,2.1898,1.84107,0.0034957,0.0034957,0.0034957
659,18134.6,1.52504,1.45212,1.40618,0.54664,0.46822,0.47753,0.1706,2.56476,2.18935,1.84549,0.0034858,0.0034858,0.0034858
660,18161.6,1.4917,1.40169,1.39419,0.51545,0.50695,0.47674,0.16939,2.56252,2.1838,1.8418,0.0034759,0.0034759,0.0034759
661,18188.5,1.53314,1.44592,1.40935,0.5394,0.49851,0.47894,0.17133,2.56223,2.1787,1.84027,0.003466,0.003466,0.003466
662,18215.6,1.53998,1.46293,1.41689,0.55176,0.49574,0.49388,0.17399,2.5596,2.15399,1.83417,0.0034561,0.0034561,0.0034561
663,18242.7,1.54179,1.44703,1.43689,0.48566,0.55362,0.49603,0.17351,2.55834,2.14938,1.82892,0.0034462,0.0034462,0.0034462
664,18269.7,1.52956,1.4436,1.40904,0.50036,0.56526,0.49623,0.17382,2.55272,2.15068,1.82583,0.0034363,0.0034363,0.0034363
